datetime;daynum;dollar;delta
01.01.2009;1;29,3916;0
12.01.2009;12;30,5331;1,1415
13.01.2009;13;30,9981;0,465
14.01.2009;14;31,2226;0,2245
15.01.2009;15;31,5616;0,339
16.01.2009;16;32,2135;0,6519
17.01.2009;17;32,5747;0,3612
20.01.2009;20;32,9085;0,3338
21.01.2009;21;33,4154;0,5069
22.01.2009;22;32,643;-0,7724
23.01.2009;23;32,7991;0,1561
24.01.2009;24;32,8926;0,0935
27.01.2009;27;32,9018;0,0092
28.01.2009;28;32,9979;0,0961
29.01.2009;29;33,2155;0,2176
30.01.2009;30;34,6847;1,4692
31.01.2009;31;35,4146;0,7299
03.02.2009;34;36,1767;0,7621
04.02.2009;35;36,129;-0,0477
05.02.2009;36;36,0135;-0,1155
06.02.2009;37;36,3095;0,296
07.02.2009;38;36,3798;0,0703
10.02.2009;41;36,1258;-0,254
11.02.2009;42;35,9285;-0,1973
12.02.2009;43;35,8323;-0,0962
13.02.2009;44;34,8003;-1,032
14.02.2009;45;34,5578;-0,2425
17.02.2009;48;34,7797;0,2219
18.02.2009;49;35,6345;0,8548
19.02.2009;50;36,4267;0,7922
20.02.2009;51;36,091;-0,3357
21.02.2009;52;36,076;-0,015
25.02.2009;56;36,0254;-0,0506
26.02.2009;57;35,7442;-0,2812
27.02.2009;58;35,7223;-0,0219
28.02.2009;59;35,7205;-0,0018
03.03.2009;62;36,1644;0,4439
04.03.2009;63;36,2054;0,041
05.03.2009;64;36,2284;0,023
06.03.2009;65;35,8899;-0,3385
07.03.2009;66;35,7374;-0,1525
11.03.2009;70;35,4534;-0,284
12.03.2009;71;35,1164;-0,337
13.03.2009;72;35,2944;0,178
14.03.2009;73;34,8316;-0,4628
17.03.2009;76;34,8388;0,0072
18.03.2009;77;34,5318;-0,307
19.03.2009;78;34,4203;-0,1115
20.03.2009;79;33,8222;-0,5981
21.03.2009;80;33,423;-0,3992
24.03.2009;83;33,3034;-0,1196
25.03.2009;84;33,2726;-0,0308
26.03.2009;85;33,7268;0,4542
27.03.2009;86;33,4668;-0,26
28.03.2009;87;33,4133;-0,0535
31.03.2009;90;34,0134;0,6001
01.04.2009;91;33,9032;-0,1102
02.04.2009;92;33,9456;0,0424
03.04.2009;93;33,7636;-0,182
04.04.2009;94;33,4095;-0,3541
07.04.2009;97;33,1743;-0,2352
08.04.2009;98;33,384;0,2097
09.04.2009;99;33,7781;0,3941
10.04.2009;100;33,5334;-0,2447
11.04.2009;101;33,6309;0,0975
14.04.2009;104;33,4863;-0,1446
15.04.2009;105;33,3887;-0,0976
16.04.2009;106;33,4507;0,062
17.04.2009;107;33,4184;-0,0323
18.04.2009;108;33,4677;0,0493
21.04.2009;111;33,5371;0,0694
22.04.2009;112;34,1043;0,5672
23.04.2009;113;34,0597;-0,0446
24.04.2009;114;33,7848;-0,2749
25.04.2009;115;33,4187;-0,3661
28.04.2009;118;33,3904;-0,0283
29.04.2009;119;33,5533;0,1629
30.04.2009;120;33,2491;-0,3042
01.05.2009;121;32,974;-0,2751
05.05.2009;125;32,9672;-0,0068
06.05.2009;126;32,8146;-0,1526
07.05.2009;127;32,8883;0,0737
08.05.2009;128;32,7915;-0,0968
09.05.2009;129;32,5534;-0,2381
13.05.2009;133;32,2817;-0,2717
14.05.2009;134;31,9841;-0,2976
15.05.2009;135;32,1677;0,1836
16.05.2009;136;32,0797;-0,088
19.05.2009;139;32,2919;0,2122
20.05.2009;140;31,9498;-0,3421
21.05.2009;141;31,8009;-0,1489
22.05.2009;142;31,4586;-0,3423
23.05.2009;143;31,1998;-0,2588
26.05.2009;146;31,0516;-0,1482
27.05.2009;147;31,1465;0,0949
28.05.2009;148;31,1846;0,0381
29.05.2009;149;31,3259;0,1413
30.05.2009;150;30,9843;-0,3416
02.06.2009;153;30,7441;-0,2402
03.06.2009;154;30,7321;-0,012
04.06.2009;155;30,5131;-0,219
05.06.2009;156;30,8767;0,3636
06.06.2009;157;30,6919;-0,1848
09.06.2009;160;31,0751;0,3832
10.06.2009;161;31,2637;0,1886
11.06.2009;162;30,9277;-0,336
12.06.2009;163;30,9124;-0,0153
16.06.2009;167;31,1548;0,2424
17.06.2009;168;31,3185;0,1637
18.06.2009;169;31,1297;-0,1888
19.06.2009;170;31,0998;-0,0299
20.06.2009;171;31,1541;0,0543
23.06.2009;174;31,2408;0,0867
24.06.2009;175;31,5765;0,3357
25.06.2009;176;31,1365;-0,44
26.06.2009;177;31,2037;0,0672
27.06.2009;178;31,1184;-0,0853
30.06.2009;181;31,2904;0,172
01.07.2009;182;31,0385;-0,2519
02.07.2009;183;31,1904;0,1519
03.07.2009;184;31,1252;-0,0652
04.07.2009;185;31,2481;0,1229
07.07.2009;188;31,4143;0,1662
08.07.2009;189;31,4695;0,0552
09.07.2009;190;31,7819;0,3124
10.07.2009;191;31,8878;0,1059
11.07.2009;192;32,0353;0,1475
14.07.2009;195;33,0597;1,0244
15.07.2009;196;32,5072;-0,5525
16.07.2009;197;32,047;-0,4602
17.07.2009;198;31,6943;-0,3527
18.07.2009;199;31,7837;0,0894
21.07.2009;202;31,3733;-0,4104
22.07.2009;203;31,1791;-0,1942
23.07.2009;204;31,0785;-0,1006
24.07.2009;205;31,076;-0,0025
25.07.2009;206;31,1372;0,0612
28.07.2009;209;30,7457;-0,3915
29.07.2009;210;30,6431;-0,1026
30.07.2009;211;31,4162;0,7731
31.07.2009;212;31,7555;0,3393
01.08.2009;213;31,1533;-0,6022
04.08.2009;216;31,2424;0,0891
05.08.2009;217;31,0484;-0,194
06.08.2009;218;31,1326;0,0842
07.08.2009;219;31,1814;0,0488
08.08.2009;220;31,5473;0,3659
11.08.2009;223;31,6503;0,103
12.08.2009;224;31,7477;0,0974
13.08.2009;225;32,6926;0,9449
14.08.2009;226;32,1457;-0,5469
15.08.2009;227;31,7226;-0,4231
18.08.2009;230;32,2874;0,5648
19.08.2009;231;31,9187;-0,3687
20.08.2009;232;31,9191;0,0004
21.08.2009;233;31,6011;-0,318
22.08.2009;234;31,9443;0,3432
25.08.2009;237;31,5544;-0,3899
26.08.2009;238;31,5437;-0,0107
27.08.2009;239;31,4007;-0,143
28.08.2009;240;31,6405;0,2398
29.08.2009;241;31,5687;-0,0718
01.09.2009;244;31,8397;0,271
02.09.2009;245;31,7743;-0,0654
03.09.2009;246;31,973;0,1987
04.09.2009;247;31,7679;-0,2051
05.09.2009;248;31,6062;-0,1617
08.09.2009;251;31,4298;-0,1764
09.09.2009;252;31,3754;-0,0544
10.09.2009;253;31,1452;-0,2302
11.09.2009;254;30,8851;-0,2601
12.09.2009;255;30,7246;-0,1605
15.09.2009;258;30,8617;0,1371
16.09.2009;259;30,9895;0,1278
17.09.2009;260;30,6067;-0,3828
18.09.2009;261;30,3881;-0,2186
19.09.2009;262;30,3744;-0,0137
22.09.2009;265;30,3711;-0,0033
23.09.2009;266;30,2385;-0,1326
24.09.2009;267;30,0004;-0,2381
25.09.2009;268;30,0678;0,0674
26.09.2009;269;30,137;0,0692
29.09.2009;272;30,1985;0,0615
30.09.2009;273;30,0922;-0,1063
01.10.2009;274;30,0087;-0,0835
02.10.2009;275;30,0621;0,0534
03.10.2009;276;30,124;0,0619
06.10.2009;279;30,0785;-0,0455
07.10.2009;280;29,8322;-0,2463
08.10.2009;281;29,7819;-0,0503
09.10.2009;282;29,6396;-0,1423
10.10.2009;283;29,609;-0,0306
13.10.2009;286;29,5945;-0,0145
14.10.2009;287;29,5043;-0,0902
15.10.2009;288;29,4651;-0,0392
16.10.2009;289;29,3206;-0,1445
17.10.2009;290;29,3281;0,0075
20.10.2009;293;29,3553;0,0272
21.10.2009;294;29,1911;-0,1642
22.10.2009;295;29,1641;-0,027
23.10.2009;296;29,0858;-0,0783
24.10.2009;297;29,0003;-0,0855
27.10.2009;300;28,9403;-0,06
28.10.2009;301;29,0184;0,0781
29.10.2009;302;29,1749;0,1565
30.10.2009;303;29,3441;0,1692
31.10.2009;304;29,0488;-0,2953
03.11.2009;307;29,1944;0,1456
04.11.2009;308;29,2337;0,0393
06.11.2009;310;29,133;-0,1007
07.11.2009;311;29,0156;-0,1174
10.11.2009;314;28,8497;-0,1659
11.11.2009;315;28,7391;-0,1106
12.11.2009;316;28,7007;-0,0384
13.11.2009;317;28,6701;-0,0306
14.11.2009;318;28,8345;0,1644
17.11.2009;321;28,6705;-0,164
18.11.2009;322;28,6768;0,0063
19.11.2009;323;28,7163;0,0395
20.11.2009;324;28,7459;0,0296
21.11.2009;325;28,8554;0,1095
24.11.2009;328;28,7986;-0,0568
25.11.2009;329;28,8481;0,0495
26.11.2009;330;28,7909;-0,0572
27.11.2009;331;28,8751;0,0842
28.11.2009;332;29,8179;0,9428
01.12.2009;335;29,0687;-0,7492
02.12.2009;336;29,1771;0,1084
03.12.2009;337;29,056;-0,1211
04.12.2009;338;29,2427;0,1867
05.12.2009;339;29,1979;-0,0448
08.12.2009;342;29,5221;0,3242
09.12.2009;343;30,1839;0,6618
10.12.2009;344;30,7562;0,5723
11.12.2009;345;30,6268;-0,1294
12.12.2009;346;30,2107;-0,4161
15.12.2009;349;30,0481;-0,1626
16.12.2009;350;30,0678;0,0197
17.12.2009;351;30,1978;0,13
18.12.2009;352;30,4392;0,2414
19.12.2009;353;30,7187;0,2795
22.12.2009;356;30,5529;-0,1658
23.12.2009;357;30,4439;-0,109
24.12.2009;358;30,5007;0,0568
25.12.2009;359;29,9292;-0,5715
26.12.2009;360;29,4266;-0,5026
29.12.2009;363;29,5952;0,1686
30.12.2009;364;29,8491;0,2539
31.12.2009;365;30,2442;0,3951
01.01.2010;366;30,1851;-0,0591
12.01.2010;377;29,4283;-0,7568
13.01.2010;378;29,3774;-0,0509
14.01.2010;379;29,6409;0,2635
15.01.2010;380;29,4299;-0,211
16.01.2010;381;29,5603;0,1304
19.01.2010;384;29,5963;0,036
20.01.2010;385;29,5184;-0,0779
21.01.2010;386;29,6941;0,1757
22.01.2010;387;29,7486;0,0545
23.01.2010;388;29,7458;-0,0028
26.01.2010;391;30,0946;0,3488
27.01.2010;392;30,3136;0,219
28.01.2010;393;30,2921;-0,0215
29.01.2010;394;30,3631;0,071
30.01.2010;395;30,4312;0,0681
02.02.2010;398;30,3996;-0,0316
03.02.2010;399;30,183;-0,2166
04.02.2010;400;29,8779;-0,3051
05.02.2010;401;30,0054;0,1275
06.02.2010;402;30,4666;0,4612
09.02.2010;405;30,5158;0,0492
10.02.2010;406;30,3735;-0,1423
11.02.2010;407;30,2462;-0,1273
12.02.2010;408;30,1245;-0,1217
13.02.2010;409;30,1595;0,035
16.02.2010;412;30,2207;0,0612
17.02.2010;413;30,1176;-0,1031
18.02.2010;414;29,9761;-0,1415
19.02.2010;415;30,1138;0,1377
20.02.2010;416;30,151;0,0372
25.02.2010;421;30,0309;-0,1201
26.02.2010;422;30,0521;0,0212
27.02.2010;423;30,0388;-0,0133
28.02.2010;424;29,9484;-0,0904
02.03.2010;426;29,93;-0,0184
03.03.2010;427;29,9779;0,0479
04.03.2010;428;29,814;-0,1639
05.03.2010;429;29,8217;0,0077
06.03.2010;430;29,8366;0,0149
10.03.2010;434;29,7499;-0,0867
11.03.2010;435;29,7249;-0,025
12.03.2010;436;29,5195;-0,2054
13.03.2010;437;29,3897;-0,1298
16.03.2010;440;29,3353;-0,0544
17.03.2010;441;29,4242;0,0889
18.03.2010;442;29,1927;-0,2315
19.03.2010;443;29,2223;0,0296
20.03.2010;444;29,2565;0,0342
23.03.2010;447;29,3389;0,0824
24.03.2010;448;29,4707;0,1318
25.03.2010;449;29,5764;0,1057
26.03.2010;450;29,6572;0,0808
27.03.2010;451;29,5142;-0,143
30.03.2010;454;29,6309;0,1167
31.03.2010;455;29,3638;-0,2671
01.04.2010;456;29,4956;0,1318
02.04.2010;457;29,4394;-0,0562
03.04.2010;458;29,2194;-0,22
06.04.2010;461;29,2097;-0,0097
07.04.2010;462;29,2416;0,0319
08.04.2010;463;29,294;0,0524
09.04.2010;464;29,4003;0,1063
10.04.2010;465;29,3232;-0,0771
13.04.2010;468;28,9428;-0,3804
14.04.2010;469;29,0294;0,0866
15.04.2010;470;29,0444;0,015
16.04.2010;471;28,931;-0,1134
17.04.2010;472;29,0325;0,1015
20.04.2010;475;29,1969;0,1644
21.04.2010;476;29,1381;-0,0588
22.04.2010;477;29,0906;-0,0475
23.04.2010;478;29,1288;0,0382
24.04.2010;479;29,2743;0,1455
27.04.2010;482;29,0882;-0,1861
28.04.2010;483;29,0623;-0,0259
29.04.2010;484;29,3801;0,3178
30.04.2010;485;29,2886;-0,0915
01.05.2010;486;29,1537;-0,1349
05.05.2010;490;29,2982;0,1445
06.05.2010;491;29,6812;0,383
07.05.2010;492;30,2971;0,6159
08.05.2010;493;30,7193;0,4222
12.05.2010;497;30,3609;-0,3584
13.05.2010;498;30,2048;-0,1561
14.05.2010;499;29,8597;-0,3451
15.05.2010;500;30,0575;0,1978
18.05.2010;503;30,6986;0,6411
19.05.2010;504;30,3946;-0,304
20.05.2010;505;30,6953;0,3007
21.05.2010;506;30,7523;0,057
22.05.2010;507;31,0576;0,3053
25.05.2010;510;30,8754;-0,1822
26.05.2010;511;31,4293;0,5539
27.05.2010;512;31,3538;-0,0755
28.05.2010;513;30,8786;-0,4752
29.05.2010;514;30,4956;-0,383
01.06.2010;517;30,74;0,2444
02.06.2010;518;31,0702;0,3302
03.06.2010;519;31,19;0,1198
04.06.2010;520;30,8938;-0,2962
05.06.2010;521;31,0685;0,1747
08.06.2010;524;31,7798;0,7113
09.06.2010;525;31,62;-0,1598
10.06.2010;526;31,7302;0,1102
11.06.2010;527;31,5742;-0,156
12.06.2010;528;31,4471;-0,1271
16.06.2010;532;31,4595;0,0124
17.06.2010;533;31,1566;-0,3029
18.06.2010;534;31,1854;0,0288
19.06.2010;535;30,884;-0,3014
22.06.2010;538;30,7267;-0,1573
23.06.2010;539;30,896;0,1693
24.06.2010;540;30,9694;0,0734
25.06.2010;541;31,0149;0,0455
26.06.2010;542;31,0761;0,0612
29.06.2010;545;30,9833;-0,0928
30.06.2010;546;31,1954;0,2121
01.07.2010;547;31,2554;0,06
02.07.2010;548;31,3703;0,1149
03.07.2010;549;31,1942;-0,1761
06.07.2010;552;31,1124;-0,0818
07.07.2010;553;31,1124;0
08.07.2010;554;31,0922;-0,0202
09.07.2010;555;30,9479;-0,1443
10.07.2010;556;30,7953;-0,1526
13.07.2010;559;30,8823;0,087
14.07.2010;560;30,8543;-0,028
15.07.2010;561;30,539;-0,3153
16.07.2010;562;30,5619;0,0229
17.07.2010;563;30,4615;-0,1004
20.07.2010;566;30,5739;0,1124
21.07.2010;567;30,4058;-0,1681
22.07.2010;568;30,4059;1,00E-04
23.07.2010;569;30,5205;0,1146
24.07.2010;570;30,3839;-0,1366
27.07.2010;573;30,3006;-0,0833
28.07.2010;574;30,2391;-0,0615
29.07.2010;575;30,2066;-0,0325
30.07.2010;576;30,2173;0,0107
31.07.2010;577;30,1869;-0,0304
03.08.2010;580;30,1861;-0,0008
04.08.2010;581;29,9681;-0,218
05.08.2010;582;29,7958;-0,1723
06.08.2010;583;29,8633;0,0675
07.08.2010;584;29,8312;-0,0321
10.08.2010;587;29,8186;-0,0126
11.08.2010;588;30,0239;0,2053
12.08.2010;589;30,205;0,1811
13.08.2010;590;30,4493;0,2443
14.08.2010;591;30,4199;-0,0294
17.08.2010;594;30,5199;0,1
18.08.2010;595;30,4514;-0,0685
19.08.2010;596;30,4257;-0,0257
20.08.2010;597;30,4636;0,0379
21.08.2010;598;30,5099;0,0463
24.08.2010;601;30,6041;0,0942
25.08.2010;602;30,7559;0,1518
26.08.2010;603;30,8958;0,1399
27.08.2010;604;30,8227;-0,0731
28.08.2010;605;30,6969;-0,1258
31.08.2010;608;30,664;-0,0329
01.09.2010;609;30,8669;0,2029
02.09.2010;610;30,8001;-0,0668
03.09.2010;611;30,6858;-0,1143
04.09.2010;612;30,6922;0,0064
07.09.2010;615;30,5771;-0,1151
08.09.2010;616;30,7319;0,1548
09.09.2010;617;30,8873;0,1554
10.09.2010;618;30,8801;-0,0072
11.09.2010;619;30,8937;0,0136
14.09.2010;622;30,6831;-0,2106
15.09.2010;623;30,7049;0,0218
16.09.2010;624;30,7407;0,0358
17.09.2010;625;31,0223;0,2816
18.09.2010;626;31,0826;0,0603
21.09.2010;629;30,9809;-0,1017
22.09.2010;630;31,0814;0,1005
23.09.2010;631;30,9826;-0,0988
24.09.2010;632;31,0031;0,0205
25.09.2010;633;30,948;-0,0551
28.09.2010;636;30,6119;-0,3361
29.09.2010;637;30,6013;-0,0106
30.09.2010;638;30,403;-0,1983
01.10.2010;639;30,5126;0,1096
02.10.2010;640;30,5094;-0,0032
05.10.2010;643;30,496;-0,0134
06.10.2010;644;30,436;-0,06
07.10.2010;645;29,8929;-0,5431
08.10.2010;646;29,6334;-0,2595
09.10.2010;647;29,9086;0,2752
12.10.2010;650;29,8317;-0,0769
13.10.2010;651;30,0763;0,2446
14.10.2010;652;30,1269;0,0506
15.10.2010;653;29,9315;-0,1954
16.10.2010;654;30,1243;0,1928
19.10.2010;657;30,5237;0,3994
20.10.2010;658;30,4151;-0,1086
21.10.2010;659;30,7968;0,3817
22.10.2010;660;30,7348;-0,062
23.10.2010;661;30,4977;-0,2371
26.10.2010;664;30,2258;-0,2719
27.10.2010;665;30,4;0,1742
28.10.2010;666;30,5682;0,1682
29.10.2010;667;30,6786;0,1104
30.10.2010;668;30,7821;0,1035
02.11.2010;671;30,7738;-0,0083
03.11.2010;672;30,7941;0,0203
04.11.2010;673;30,7709;-0,0232
09.11.2010;678;30,8029;0,032
10.11.2010;679;30,8612;0,0583
11.11.2010;680;30,6925;-0,1687
12.11.2010;681;30,5107;-0,1818
13.11.2010;682;30,7722;0,2615
14.11.2010;683;30,8414;0,0692
16.11.2010;685;30,8632;0,0218
17.11.2010;686;31,056;0,1928
18.11.2010;687;31,3487;0,2927
19.11.2010;688;31,1999;-0,1488
20.11.2010;689;30,949;-0,2509
23.11.2010;692;30,995;0,046
24.11.2010;693;31,2642;0,2692
25.11.2010;694;31,2929;0,0287
26.11.2010;695;31,2842;-0,0087
27.11.2010;696;31,3539;0,0697
30.11.2010;699;31,3061;-0,0478
01.12.2010;700;31,3335;0,0274
02.12.2010;701;31,4555;0,122
03.12.2010;702;31,3518;-0,1037
04.12.2010;703;31,2641;-0,0877
07.12.2010;706;31,2867;0,0226
08.12.2010;707;31,2238;-0,0629
09.12.2010;708;31,243;0,0192
10.12.2010;709;30,9831;-0,2599
11.12.2010;710;30,8604;-0,1227
14.12.2010;713;30,9006;0,0402
15.12.2010;714;30,7447;-0,1559
16.12.2010;715;30,7199;-0,0248
17.12.2010;716;30,7528;0,0329
18.12.2010;717;30,6682;-0,0846
21.12.2010;720;30,7746;0,1064
22.12.2010;721;30,7188;-0,0558
23.12.2010;722;30,7187;-0,0001
24.12.2010;723;30,5922;-0,1265
25.12.2010;724;30,5778;-0,0144
28.12.2010;727;30,4495;-0,1283
29.12.2010;728;30,272;-0,1775
30.12.2010;729;30,3592;0,0872
31.12.2010;730;30,4769;0,1177
01.01.2011;731;30,3505;-0,1264
12.01.2011;742;30,6252;0,2747
13.01.2011;743;30,3988;-0,2264
14.01.2011;744;30,0926;-0,3062
15.01.2011;745;29,954;-0,1386
18.01.2011;748;30,0534;0,0994
19.01.2011;749;29,8881;-0,1653
20.01.2011;750;29,8252;-0,0629
21.01.2011;751;29,9147;0,0895
22.01.2011;752;30,0109;0,0962
25.01.2011;755;29,8516;-0,1593
26.01.2011;756;29,7948;-0,0568
27.01.2011;757;29,7768;-0,018
28.01.2011;758;29,6738;-0,103
29.01.2011;759;29,6684;-0,0054
01.02.2011;762;29,8018;0,1334
02.02.2011;763;29,6548;-0,147
03.02.2011;764;29,4219;-0,2329
04.02.2011;765;29,3489;-0,073
05.02.2011;766;29,4136;0,0647
08.02.2011;769;29,3689;-0,0447
09.02.2011;770;29,255;-0,1139
10.02.2011;771;29,301;0,046
11.02.2011;772;29,3535;0,0525
12.02.2011;773;29,32;-0,0335
15.02.2011;776;29,2583;-0,0617
16.02.2011;777;29,285;0,0267
17.02.2011;778;29,2735;-0,0115
18.02.2011;779;29,2447;-0,0288
19.02.2011;780;29,2585;0,0138
22.02.2011;783;29,1549;-0,1036
23.02.2011;784;29,2859;0,131
25.02.2011;786;29,1611;-0,1248
26.02.2011;787;28,9405;-0,2206
01.03.2011;790;28,9028;-0,0377
02.03.2011;791;28,7569;-0,1459
03.03.2011;792;28,6277;-0,1292
04.03.2011;793;28,3228;-0,3049
05.03.2011;794;28,188;-0,1348
06.03.2011;795;28,1717;-0,0163
10.03.2011;799;28,2945;0,1228
11.03.2011;800;28,4356;0,1411
12.03.2011;801;28,6317;0,1961
15.03.2011;804;28,664;0,0323
16.03.2011;805;28,7263;0,0623
17.03.2011;806;28,6582;-0,0681
18.03.2011;807;28,7422;0,084
19.03.2011;808;28,4763;-0,2659
22.03.2011;811;28,3675;-0,1088
23.03.2011;812;28,1561;-0,2114
24.03.2011;813;28,27;0,1139
25.03.2011;814;28,4015;0,1315
26.03.2011;815;28,2237;-0,1778
29.03.2011;818;28,411;0,1873
30.03.2011;819;28,3436;-0,0674
31.03.2011;820;28,429;0,0854
01.04.2011;821;28,5162;0,0872
02.04.2011;822;28,3684;-0,1478
05.04.2011;825;28,2277;-0,1407
06.04.2011;826;28,3113;0,0836
07.04.2011;827;28,2164;-0,0949
08.04.2011;828;28,2286;0,0122
09.04.2011;829;28,1211;-0,1075
12.04.2011;832;27,9758;-0,1453
13.04.2011;833;28,1456;0,1698
14.04.2011;834;28,1145;-0,0311
15.04.2011;835;28,1886;0,0741
16.04.2011;836;28,2212;0,0326
19.04.2011;839;28,1636;-0,0576
20.04.2011;840;28,4213;0,2577
21.04.2011;841;28,1457;-0,2756
22.04.2011;842;27,9398;-0,2059
23.04.2011;843;27,9396;-0,0002
26.04.2011;846;27,9924;0,0528
27.04.2011;847;27,8964;-0,096
28.04.2011;848;27,7144;-0,182
29.04.2011;849;27,4977;-0,2167
30.04.2011;850;27,5022;0,0045
04.05.2011;854;27,3348;-0,1674
05.05.2011;855;27,3675;0,0327
06.05.2011;856;27,2625;-0,105
07.05.2011;857;27,6635;0,401
11.05.2011;861;27,8645;0,201
12.05.2011;862;27,6288;-0,2357
13.05.2011;863;27,9472;0,3184
14.05.2011;864;27,8497;-0,0975
17.05.2011;867;28,122;0,2723
18.05.2011;868;28,1177;-0,0043
19.05.2011;869;28,0466;-0,0711
20.05.2011;870;27,9608;-0,0858
21.05.2011;871;27,9145;-0,0463
24.05.2011;874;28,3418;0,4273
25.05.2011;875;28,437;0,0952
26.05.2011;876;28,4794;0,0424
27.05.2011;877;28,228;-0,2514
28.05.2011;878;28,1166;-0,1114
31.05.2011;881;28,0685;-0,0481
01.06.2011;882;27,9805;-0,088
02.06.2011;883;27,9682;-0,0123
03.06.2011;884;28,0419;0,0737
04.06.2011;885;27,8751;-0,1668
07.06.2011;888;27,7752;-0,0999
08.06.2011;889;27,7814;0,0062
09.06.2011;890;27,6847;-0,0967
10.06.2011;891;27,7033;0,0186
11.06.2011;892;27,7907;0,0874
15.06.2011;896;27,8984;0,1077
16.06.2011;897;27,8957;-0,0027
17.06.2011;898;28,19;0,2943
18.06.2011;899;28,1778;-0,0122
21.06.2011;902;28,1783;0,0005
22.06.2011;903;28,0118;-0,1665
23.06.2011;904;27,896;-0,1158
24.06.2011;905;28,0568;0,1608
25.06.2011;906;28,1655;0,1087
28.06.2011;909;28,3478;0,1823
29.06.2011;910;28,2352;-0,1126
30.06.2011;911;28,0758;-0,1594
01.07.2011;912;27,8726;-0,2032
02.07.2011;913;27,8536;-0,019
05.07.2011;916;27,8037;-0,0499
06.07.2011;917;27,8622;0,0585
07.07.2011;918;27,8907;0,0285
08.07.2011;919;27,9853;0,0946
09.07.2011;920;27,888;-0,0973
12.07.2011;923;28,0839;0,1959
13.07.2011;924;28,3842;0,3003
14.07.2011;925;28,2557;-0,1285
15.07.2011;926;28,061;-0,1947
16.07.2011;927;28,1277;0,0667
19.07.2011;930;28,1775;0,0498
20.07.2011;931;28,1505;-0,027
21.07.2011;932;28,0466;-0,1039
22.07.2011;933;27,908;-0,1386
23.07.2011;934;27,7169;-0,1911
26.07.2011;937;27,7413;0,0244
27.07.2011;938;27,546;-0,1953
28.07.2011;939;27,4439;-0,1021
29.07.2011;940;27,5907;0,1468
30.07.2011;941;27,6796;0,0889
02.08.2011;944;27,5204;-0,1592
03.08.2011;945;27,8154;0,295
04.08.2011;946;27,8996;0,0842
05.08.2011;947;27,8432;-0,0564
06.08.2011;948;28,3382;0,495
09.08.2011;951;28,521;0,1828
10.08.2011;952;29,4166;0,8956
11.08.2011;953;29,3065;-0,1101
12.08.2011;954;29,417;0,1105
13.08.2011;955;29,4452;0,0282
16.08.2011;958;28,8576;-0,5876
17.08.2011;959;28,7032;-0,1544
18.08.2011;960;28,7207;0,0175
19.08.2011;961;28,9115;0,1908
20.08.2011;962;29,2709;0,3594
23.08.2011;965;29,2555;-0,0154
24.08.2011;966;28,9547;-0,3008
25.08.2011;967;28,9037;-0,051
26.08.2011;968;28,8825;-0,0212
27.08.2011;969;28,8717;-0,0108
30.08.2011;972;28,7108;-0,1609
31.08.2011;973;28,8569;0,1461
01.09.2011;974;28,9278;0,0709
02.09.2011;975;28,8911;-0,0367
03.09.2011;976;29,0604;0,1693
06.09.2011;979;29,3436;0,2832
07.09.2011;980;29,6107;0,2671
08.09.2011;981;29,4905;-0,1202
09.09.2011;982;29,5015;0,011
10.09.2011;983;29,6904;0,1889
13.09.2011;986;30,3034;0,613
14.09.2011;987;30,1872;-0,1162
15.09.2011;988;30,3643;0,1771
16.09.2011;989;30,5042;0,1399
17.09.2011;990;30,5328;0,0286
20.09.2011;993;30,868;0,3352
21.09.2011;994;31,496;0,628
22.09.2011;995;31,4122;-0,0838
23.09.2011;996;31,9106;0,4984
24.09.2011;997;32,1083;0,1977
27.09.2011;1000;32,4619;0,3536
28.09.2011;1001;32,2201;-0,2418
29.09.2011;1002;31,818;-0,4021
30.09.2011;1003;31,8751;0,0571
01.10.2011;1004;32,11;0,2349
04.10.2011;1007;32,589;0,479
05.10.2011;1008;32,6799;0,0909
06.10.2011;1009;32,6374;-0,0425
07.10.2011;1010;32,5085;-0,1289
08.10.2011;1011;32,2005;-0,308
11.10.2011;1014;32,0096;-0,1909
12.10.2011;1015;31,427;-0,5826
13.10.2011;1016;31,4151;-0,0119
14.10.2011;1017;31,2014;-0,2137
15.10.2011;1018;30,9905;-0,2109
18.10.2011;1021;30,737;-0,2535
19.10.2011;1022;30,9694;0,2324
20.10.2011;1023;30,9257;-0,0437
21.10.2011;1024;31,3788;0,4531
22.10.2011;1025;31,3361;-0,0427
25.10.2011;1028;30,8255;-0,5106
26.10.2011;1029;30,4971;-0,3284
27.10.2011;1030;30,5732;0,0761
28.10.2011;1031;30,2421;-0,3311
29.10.2011;1032;29,8977;-0,3444
01.11.2011;1035;30,1245;0,2268
02.11.2011;1036;30,6448;0,5203
03.11.2011;1037;30,683;0,0382
04.11.2011;1038;30,8438;0,1608
08.11.2011;1042;30,5694;-0,2744
09.11.2011;1043;30,5014;-0,068
10.11.2011;1044;30,1033;-0,3981
11.11.2011;1045;30,8454;0,7421
12.11.2011;1046;30,5282;-0,3172
15.11.2011;1049;30,2921;-0,2361
16.11.2011;1050;30,66;0,3679
17.11.2011;1051;30,8417;0,1817
18.11.2011;1052;30,7337;-0,108
19.11.2011;1053;30,919;0,1853
22.11.2011;1056;30,9693;0,0503
23.11.2011;1057;31,0612;0,0919
24.11.2011;1058;31,2133;0,1521
25.11.2011;1059;31,4365;0,2232
26.11.2011;1060;31,5788;0,1423
29.11.2011;1063;31,4117;-0,1671
30.11.2011;1064;31,3216;-0,0901
01.12.2011;1065;31,4001;0,0785
02.12.2011;1066;30,8486;-0,5515
03.12.2011;1067;30,8099;-0,0387
06.12.2011;1070;30,9068;0,0969
07.12.2011;1071;31,1026;0,1958
08.12.2011;1072;31,1527;0,0501
09.12.2011;1073;31,2308;0,0781
10.12.2011;1074;31,5691;0,3383
13.12.2011;1077;31,4134;-0,1557
14.12.2011;1078;31,6704;0,257
15.12.2011;1079;31,7655;0,0951
16.12.2011;1080;31,8957;0,1302
17.12.2011;1081;31,7701;-0,1256
20.12.2011;1084;32,0323;0,2622
21.12.2011;1085;32,0519;0,0196
22.12.2011;1086;31,7645;-0,2874
23.12.2011;1087;31,5634;-0,2011
24.12.2011;1088;31,2575;-0,3059
27.12.2011;1091;31,2266;-0,0309
28.12.2011;1092;31,0847;-0,1419
29.12.2011;1093;31,5633;0,4786
30.12.2011;1094;32,0197;0,4564
31.12.2011;1095;32,1961;0,1764
11.01.2012;1106;31,8729;-0,3232
12.01.2012;1107;31,6886;-0,1843
13.01.2012;1108;31,6807;-0,0079
14.01.2012;1109;31,583;-0,0977
17.01.2012;1112;31,9344;0,3514
18.01.2012;1113;31,5445;-0,3899
19.01.2012;1114;31,5428;-0,0017
20.01.2012;1115;31,4777;-0,0651
21.01.2012;1116;31,2879;-0,1898
24.01.2012;1119;31,3325;0,0446
25.01.2012;1120;30,8752;-0,4573
26.01.2012;1121;30,667;-0,2082
27.01.2012;1122;30,36;-0,307
28.01.2012;1123;30,3626;0,0026
31.01.2012;1126;30,3647;0,0021
01.02.2012;1127;30,3131;-0,0516
02.02.2012;1128;30,4067;0,0936
03.02.2012;1129;30,1855;-0,2212
04.02.2012;1130;30,2385;0,053
07.02.2012;1133;30,2324;-0,0061
08.02.2012;1134;30,0871;-0,1453
09.02.2012;1135;29,693;-0,3941
10.02.2012;1136;29,6795;-0,0135
11.02.2012;1137;29,8923;0,2128
14.02.2012;1140;29,8873;-0,005
15.02.2012;1141;30,0868;0,1995
16.02.2012;1142;29,944;-0,1428
17.02.2012;1143;30,2098;0,2658
18.02.2012;1144;29,9982;-0,2116
21.02.2012;1147;29,7805;-0,2177
22.02.2012;1148;29,7796;-0,0009
23.02.2012;1149;29,7692;-0,0104
25.02.2012;1151;29,449;-0,3202
28.02.2012;1154;29,1264;-0,3226
29.02.2012;1155;28,9503;-0,1761
01.03.2012;1156;29,0253;0,075
02.03.2012;1157;29,2889;0,2636
03.03.2012;1158;29,296;0,0071
06.03.2012;1161;29,2892;-0,0068
07.03.2012;1162;29,4508;0,1616
08.03.2012;1163;29,6621;0,2113
12.03.2012;1167;29,5406;-0,1215
13.03.2012;1168;29,6666;0,126
14.03.2012;1169;29,5091;-0,1575
15.03.2012;1170;29,5125;0,0034
16.03.2012;1171;29,5822;0,0697
17.03.2012;1172;29,3578;-0,2244
20.03.2012;1175;29,2224;-0,1354
21.03.2012;1176;29,1652;-0,0572
22.03.2012;1177;29,2079;0,0427
23.03.2012;1178;29,2447;0,0368
24.03.2012;1179;29,4038;0,1591
27.03.2012;1182;29,2311;-0,1727
28.03.2012;1183;28,9468;-0,2843
29.03.2012;1184;29,0845;0,1377
30.03.2012;1185;29,2853;0,2008
31.03.2012;1186;29,3282;0,0429
03.04.2012;1189;29,3479;0,0197
04.04.2012;1190;29,2944;-0,0535
05.04.2012;1191;29,4285;0,1341
06.04.2012;1192;29,4303;0,0018
07.04.2012;1193;29,4606;0,0303
10.04.2012;1196;29,6358;0,1752
11.04.2012;1197;29,6359;1,00E-04
12.04.2012;1198;29,8033;0,1674
13.04.2012;1199;29,569;-0,2343
14.04.2012;1200;29,4711;-0,0979
17.04.2012;1203;29,7614;0,2903
18.04.2012;1204;29,6368;-0,1246
19.04.2012;1205;29,4978;-0,139
20.04.2012;1206;29,5122;0,0144
21.04.2012;1207;29,5214;0,0092
24.04.2012;1210;29,488;-0,0334
25.04.2012;1211;29,4549;-0,0331
26.04.2012;1212;29,2962;-0,1587
27.04.2012;1213;29,277;-0,0192
28.04.2012;1214;29,4234;0,1464
29.04.2012;1215;29,3627;-0,0607
03.05.2012;1219;29,3708;0,0081
04.05.2012;1220;29,463;0,0922
05.05.2012;1221;29,5937;0,1307
06.05.2012;1222;29,8075;0,2138
11.05.2012;1227;30,1891;0,3816
12.05.2012;1228;30,2306;0,0415
13.05.2012;1229;30,1793;-0,0513
15.05.2012;1231;30,2652;0,0859
16.05.2012;1232;30,3299;0,0647
17.05.2012;1233;30,9758;0,6459
18.05.2012;1234;30,9417;-0,0341
19.05.2012;1235;31,3921;0,4504
22.05.2012;1238;31,1582;-0,2339
23.05.2012;1239;31,0644;-0,0938
24.05.2012;1240;31,3803;0,3159
25.05.2012;1241;31,6247;0,2444
26.05.2012;1242;31,7572;0,1325
29.05.2012;1245;31,827;0,0698
30.05.2012;1246;32,086;0,259
31.05.2012;1247;32,4509;0,3649
01.06.2012;1248;32,9173;0,4664
02.06.2012;1249;33,7384;0,8211
05.06.2012;1252;34,0395;0,3011
06.06.2012;1253;33,2001;-0,8394
07.06.2012;1254;32,7889;-0,4112
08.06.2012;1255;32,1922;-0,5967
09.06.2012;1256;32,7358;0,5436
10.06.2012;1257;32,5862;-0,1496
14.06.2012;1261;32,7331;0,1469
15.06.2012;1262;32,5766;-0,1565
16.06.2012;1263;32,3945;-0,1821
19.06.2012;1266;32,1315;-0,263
20.06.2012;1267;32,5315;0,4
21.06.2012;1268;32,5166;-0,0149
22.06.2012;1269;32,9054;0,3888
23.06.2012;1270;33,5191;0,6137
26.06.2012;1273;33,1693;-0,3498
27.06.2012;1274;33,1732;0,0039
28.06.2012;1275;32,8384;-0,3348
29.06.2012;1276;32,9412;0,1028
30.06.2012;1277;32,8169;-0,1243
03.07.2012;1280;32,5287;-0,2882
04.07.2012;1281;32,4789;-0,0498
05.07.2012;1282;32,2065;-0,2724
06.07.2012;1283;32,4727;0,2662
07.07.2012;1284;32,624;0,1513
10.07.2012;1287;32,9907;0,3667
11.07.2012;1288;32,9754;-0,0153
12.07.2012;1289;32,8282;-0,1472
13.07.2012;1290;32,7177;-0,1105
14.07.2012;1291;32,659;-0,0587
17.07.2012;1294;32,6208;-0,0382
18.07.2012;1295;32,4955;-0,1253
19.07.2012;1296;32,4041;-0,0914
20.07.2012;1297;32,0764;-0,3277
21.07.2012;1298;31,9509;-0,1255
24.07.2012;1301;32,376;0,4251
25.07.2012;1302;32,6324;0,2564
26.07.2012;1303;32,9657;0,3333
27.07.2012;1304;32,6224;-0,3433
28.07.2012;1305;32,2131;-0,4093
31.07.2012;1308;32,1881;-0,025
01.08.2012;1309;32,2058;0,0177
02.08.2012;1310;32,3322;0,1264
03.08.2012;1311;32,4563;0,1241
04.08.2012;1312;32,5361;0,0798
07.08.2012;1315;31,9451;-0,591
08.08.2012;1316;31,6644;-0,2807
09.08.2012;1317;31,6907;0,0263
10.08.2012;1318;31,4807;-0,21
11.08.2012;1319;31,8974;0,4167
14.08.2012;1322;31,8707;-0,0267
15.08.2012;1323;31,7739;-0,0968
16.08.2012;1324;31,8532;0,0793
17.08.2012;1325;31,9011;0,0479
18.08.2012;1326;31,8469;-0,0542
21.08.2012;1329;32,0165;0,1696
22.08.2012;1330;31,9606;-0,0559
23.08.2012;1331;31,8056;-0,155
24.08.2012;1332;31,683;-0,1226
25.08.2012;1333;31,8099;0,1269
28.08.2012;1336;31,8703;0,0604
29.08.2012;1337;32,0183;0,148
30.08.2012;1338;32,0942;0,0759
31.08.2012;1339;32,2934;0,1992
01.09.2012;1340;32,5669;0,2735
04.09.2012;1343;32,4171;-0,1498
05.09.2012;1344;32,1995;-0,2176
06.09.2012;1345;32,4608;0,2613
07.09.2012;1346;32,1998;-0,261
08.09.2012;1347;32,0142;-0,1856
11.09.2012;1350;31,7221;-0,2921
12.09.2012;1351;31,7768;0,0547
13.09.2012;1352;31,478;-0,2988
14.09.2012;1353;31,3992;-0,0788
15.09.2012;1354;30,8181;-0,5811
18.09.2012;1357;30,5867;-0,2314
19.09.2012;1358;30,8795;0,2928
20.09.2012;1359;30,8634;-0,0161
21.09.2012;1360;31,5758;0,7124
22.09.2012;1361;31,1667;-0,4091
25.09.2012;1364;31,2513;0,0846
26.09.2012;1365;31,1608;-0,0905
27.09.2012;1366;31,2221;0,0613
28.09.2012;1367;31,1951;-0,027
29.09.2012;1368;30,9169;-0,2782
02.10.2012;1371;31,2538;0,3369
03.10.2012;1372;31,135;-0,1188
04.10.2012;1373;31,1944;0,0594
05.10.2012;1374;31,121;-0,0734
06.10.2012;1375;30,9744;-0,1466
09.10.2012;1378;31,0777;0,1033
10.10.2012;1379;31,0994;0,0217
11.10.2012;1380;31,2017;0,1023
12.10.2012;1381;31,1667;-0,035
13.10.2012;1382;30,9738;-0,1929
16.10.2012;1385;31,0791;0,1053
17.10.2012;1386;30,9493;-0,1298
18.10.2012;1387;30,7964;-0,1529
19.10.2012;1388;30,7195;-0,0769
20.10.2012;1389;30,7823;0,0628
23.10.2012;1392;30,9084;0,1261
24.10.2012;1393;31,1171;0,2087
25.10.2012;1394;31,3039;0,1868
26.10.2012;1395;31,2499;-0,054
27.10.2012;1396;31,478;0,2281
30.10.2012;1399;31,4373;-0,0407
31.10.2012;1400;31,5252;0,0879
01.11.2012;1401;31,3743;-0,1509
02.11.2012;1402;31,3666;-0,0077
03.11.2012;1403;31,3817;0,0151
07.11.2012;1407;31,5195;0,1378
08.11.2012;1408;31,3033;-0,2162
09.11.2012;1409;31,5146;0,2113
10.11.2012;1410;31,4962;-0,0184
13.11.2012;1413;31,6053;0,1091
14.11.2012;1414;31,7164;0,1111
15.11.2012;1415;31,7267;0,0103
16.11.2012;1416;31,6919;-0,0348
17.11.2012;1417;31,7184;0,0265
20.11.2012;1420;31,6677;-0,0507
21.11.2012;1421;31,4263;-0,2414
22.11.2012;1422;31,4218;-0,0045
23.11.2012;1423;31,1525;-0,2693
24.11.2012;1424;31,1325;-0,02
27.11.2012;1427;31,0201;-0,1124
28.11.2012;1428;30,941;-0,0791
29.11.2012;1429;31,1408;0,1998
30.11.2012;1430;31,0565;-0,0843
01.12.2012;1431;30,811;-0,2455
04.12.2012;1434;30,8365;0,0255
05.12.2012;1435;30,994;0,1575
06.12.2012;1436;30,8235;-0,1705
07.12.2012;1437;30,9107;0,0872
08.12.2012;1438;30,967;0,0563
11.12.2012;1441;30,8686;-0,0984
12.12.2012;1442;30,7506;-0,118
13.12.2012;1443;30,7321;-0,0185
14.12.2012;1444;30,6034;-0,1287
15.12.2012;1445;30,6892;0,0858
18.12.2012;1448;30,7696;0,0804
19.12.2012;1449;30,9859;0,2163
20.12.2012;1450;30,7606;-0,2253
21.12.2012;1451;30,7592;-0,0014
22.12.2012;1452;30,7194;-0,0398
25.12.2012;1455;30,8046;0,0852
26.12.2012;1456;30,5926;-0,212
27.12.2012;1457;30,615;0,0224
28.12.2012;1458;30,4808;-0,1342
29.12.2012;1459;30,3727;-0,1081
30.12.2012;1460;30,3727;0
10.01.2013;1471;30,4215;0,0488
11.01.2013;1472;30,365;-0,0565
12.01.2013;1473;30,2537;-0,1113
15.01.2013;1476;30,2607;0,007
16.01.2013;1477;30,2556;-0,0051
17.01.2013;1478;30,3399;0,0843
18.01.2013;1479;30,3431;0,0032
19.01.2013;1480;30,2065;-0,1366
22.01.2013;1483;30,297;0,0905
23.01.2013;1484;30,195;-0,102
24.01.2013;1485;30,2292;0,0342
25.01.2013;1486;30,1648;-0,0644
26.01.2013;1487;30,0451;-0,1197
29.01.2013;1490;30,0782;0,0331
30.01.2013;1491;30,1513;0,0731
31.01.2013;1492;30,0277;-0,1236
01.02.2013;1493;30,0161;-0,0116
02.02.2013;1494;29,9966;-0,0195
05.02.2013;1497;29,9251;-0,0715
06.02.2013;1498;30,1231;0,198
07.02.2013;1499;29,9598;-0,1633
08.02.2013;1500;30,0496;0,0898
09.02.2013;1501;30,1575;0,1079
12.02.2013;1504;30,159;0,0015
13.02.2013;1505;30,1713;0,0123
14.02.2013;1506;30,0692;-0,1021
15.02.2013;1507;30,0773;0,0081
16.02.2013;1508;30,1139;0,0366
19.02.2013;1511;30,1258;0,0119
20.02.2013;1512;30,1277;0,0019
21.02.2013;1513;30,0502;-0,0775
22.02.2013;1514;30,2337;0,1835
23.02.2013;1515;30,3596;0,1259
26.02.2013;1518;30,3368;-0,0228
27.02.2013;1519;30,5889;0,2521
28.02.2013;1520;30,6202;0,0313
01.03.2013;1521;30,5124;-0,1078
02.03.2013;1522;30,6381;0,1257
05.03.2013;1525;30,787;0,1489
06.03.2013;1526;30,6963;-0,0907
07.03.2013;1527;30,6214;-0,0749
08.03.2013;1528;30,7628;0,1414
12.03.2013;1532;30,7576;-0,0052
13.03.2013;1533;30,7499;-0,0077
14.03.2013;1534;30,7209;-0,029
15.03.2013;1535;30,7769;0,056
16.03.2013;1536;30,7196;-0,0573
19.03.2013;1539;30,8908;0,1712
20.03.2013;1540;30,8285;-0,0623
21.03.2013;1541;30,9446;0,1161
22.03.2013;1542;30,8923;-0,0523
23.03.2013;1543;30,9325;0,0402
26.03.2013;1546;30,7585;-0,174
27.03.2013;1547;30,8734;0,1149
28.03.2013;1548;30,863;-0,0104
29.03.2013;1549;30,9962;0,1332
30.03.2013;1550;31,0834;0,0872
02.04.2013;1553;31,1093;0,0259
03.04.2013;1554;31,1178;0,0085
04.04.2013;1555;31,3918;0,274
05.04.2013;1556;31,7203;0,3285
06.04.2013;1557;31,6207;-0,0996
09.04.2013;1560;31,6144;-0,0063
10.04.2013;1561;31,2086;-0,4058
11.04.2013;1562;31,0036;-0,205
12.04.2013;1563;30,8814;-0,1222
13.04.2013;1564;30,9308;0,0494
16.04.2013;1567;31,3051;0,3743
17.04.2013;1568;31,4512;0,1461
18.04.2013;1569;31,232;-0,2192
19.04.2013;1570;31,7151;0,4831
20.04.2013;1571;31,4605;-0,2546
23.04.2013;1574;31,5664;0,1059
24.04.2013;1575;31,6414;0,075
25.04.2013;1576;31,5917;-0,0497
26.04.2013;1577;31,3169;-0,2748
27.04.2013;1578;31,2196;-0,0973
30.04.2013;1581;31,2559;0,0363
01.05.2013;1582;31,0433;-0,2126
07.05.2013;1588;31,0839;0,0406
08.05.2013;1589;31,0789;-0,005
09.05.2013;1590;31,0829;0,004
14.05.2013;1595;31,3777;0,2948
15.05.2013;1596;31,2778;-0,0999
16.05.2013;1597;31,4281;0,1503
17.05.2013;1598;31,4166;-0,0115
18.05.2013;1599;31,3931;-0,0235
21.05.2013;1602;31,3406;-0,0525
22.05.2013;1603;31,177;-0,1636
23.05.2013;1604;31,228;0,051
24.05.2013;1605;31,4711;0,2431
25.05.2013;1606;31,3164;-0,1547
28.05.2013;1609;31,3025;-0,0139
29.05.2013;1610;31,3784;0,0759
30.05.2013;1611;31,5203;0,1419
31.05.2013;1612;31,5893;0,069
01.06.2013;1613;31,7979;0,2086
04.06.2013;1616;32,0487;0,2508
05.06.2013;1617;31,8344;-0,2143
06.06.2013;1618;31,9816;0,1472
07.06.2013;1619;32,1385;0,1569
08.06.2013;1620;32,2397;0,1012
11.06.2013;1623;32,3246;0,0849
12.06.2013;1624;32,3951;0,0705
14.06.2013;1626;32,3467;-0,0484
15.06.2013;1627;31,8029;-0,5438
18.06.2013;1630;31,679;-0,1239
19.06.2013;1631;31,8824;0,2034
20.06.2013;1632;32,1201;0,2377
21.06.2013;1633;32,7041;0,584
22.06.2013;1634;32,7433;0,0392
25.06.2013;1637;32,9097;0,1664
26.06.2013;1638;32,714;-0,1957
27.06.2013;1639;32,8876;0,1736
28.06.2013;1640;32,8766;-0,011
29.06.2013;1641;32,709;-0,1676
02.07.2013;1644;32,8517;0,1427
03.07.2013;1645;32,9475;0,0958
04.07.2013;1646;33,2204;0,2729
05.07.2013;1647;33,1605;-0,0599
06.07.2013;1648;33,2247;0,0642
09.07.2013;1651;33,321;0,0963
10.07.2013;1652;33,0842;-0,2368
11.07.2013;1653;32,9112;-0,173
12.07.2013;1654;32,5867;-0,3245
13.07.2013;1655;32,6429;0,0562
16.07.2013;1658;32,622;-0,0209
17.07.2013;1659;32,5417;-0,0803
18.07.2013;1660;32,4526;-0,0891
19.07.2013;1661;32,3998;-0,0528
20.07.2013;1662;32,4288;0,029
23.07.2013;1665;32,3236;-0,1052
24.07.2013;1666;32,3106;-0,013
25.07.2013;1667;32,3462;0,0356
26.07.2013;1668;32,5376;0,1914
27.07.2013;1669;32,6371;0,0995
30.07.2013;1672;32,8556;0,2185
31.07.2013;1673;32,8901;0,0345
01.08.2013;1674;33,033;0,1429
02.08.2013;1675;32,9741;-0,0589
03.08.2013;1676;33,0978;0,1237
06.08.2013;1679;32,8811;-0,2167
07.08.2013;1680;32,939;0,0579
08.08.2013;1681;32,9848;0,0458
09.08.2013;1682;32,9401;-0,0447
10.08.2013;1683;32,8606;-0,0795
13.08.2013;1686;32,891;0,0304
14.08.2013;1687;33,0426;0,1516
15.08.2013;1688;33,1583;0,1157
16.08.2013;1689;33,0004;-0,1579
17.08.2013;1690;32,9421;-0,0583
20.08.2013;1693;32,9226;-0,0195
21.08.2013;1694;33,0006;0,078
22.08.2013;1695;32,9737;-0,0269
23.08.2013;1696;33,1908;0,2171
24.08.2013;1697;33,0552;-0,1356
27.08.2013;1700;32,9564;-0,0988
28.08.2013;1701;33,1224;0,166
29.08.2013;1702;33,1798;0,0574
30.08.2013;1703;33,1783;-0,0015
31.08.2013;1704;33,2474;0,0691
03.09.2013;1707;33,2522;0,0048
04.09.2013;1708;33,3693;0,1171
05.09.2013;1709;33,4656;0,0963
06.09.2013;1710;33,3901;-0,0755
07.09.2013;1711;33,4338;0,0437
10.09.2013;1714;33,3243;-0,1095
11.09.2013;1715;33,06;-0,2643
12.09.2013;1716;32,9629;-0,0971
13.09.2013;1717;32,6731;-0,2898
14.09.2013;1718;32,7406;0,0675
17.09.2013;1721;32,2907;-0,4499
18.09.2013;1722;32,3237;0,033
19.09.2013;1723;32,245;-0,0787
20.09.2013;1724;31,5892;-0,6558
21.09.2013;1725;31,7326;0,1434
24.09.2013;1728;31,9106;0,178
25.09.2013;1729;31,8167;-0,0939
26.09.2013;1730;31,9343;0,1176
27.09.2013;1731;32,1736;0,2393
28.09.2013;1732;32,3451;0,1715
01.10.2013;1735;32,4839;0,1388
02.10.2013;1736;32,2965;-0,1874
03.10.2013;1737;32,2979;0,0014
04.10.2013;1738;32,125;-0,1729
05.10.2013;1739;32,1005;-0,0245
08.10.2013;1742;32,2931;0,1926
09.10.2013;1743;32,2984;0,0053
10.10.2013;1744;32,3619;0,0635
11.10.2013;1745;32,3564;-0,0055
12.10.2013;1746;32,2133;-0,1431
15.10.2013;1749;32,2663;0,053
16.10.2013;1750;32,2676;0,0013
17.10.2013;1751;32,2561;-0,0115
18.10.2013;1752;32,0816;-0,1745
19.10.2013;1753;31,846;-0,2356
22.10.2013;1756;31,9013;0,0553
23.10.2013;1757;31,9346;0,0333
24.10.2013;1758;31,7448;-0,1898
25.10.2013;1759;31,6618;-0,083
26.10.2013;1760;31,6775;0,0157
29.10.2013;1763;31,8119;0,1344
30.10.2013;1764;31,9445;0,1326
31.10.2013;1765;32,0613;0,1168
01.11.2013;1766;32,0758;0,0145
02.11.2013;1767;32,1808;0,105
06.11.2013;1771;32,3509;0,1701
07.11.2013;1772;32,4511;0,1002
08.11.2013;1773;32,3803;-0,0708
09.11.2013;1774;32,5479;0,1676
12.11.2013;1777;32,6622;0,1143
13.11.2013;1778;32,8076;0,1454
14.11.2013;1779;32,8184;0,0108
15.11.2013;1780;32,6874;-0,131
16.11.2013;1781;32,6807;-0,0067
19.11.2013;1784;32,5658;-0,1149
20.11.2013;1785;32,6098;0,044
21.11.2013;1786;32,7417;0,1319
22.11.2013;1787;33,018;0,2763
23.11.2013;1788;32,9055;-0,1125
26.11.2013;1791;32,7733;-0,1322
27.11.2013;1792;32,9879;0,2146
28.11.2013;1793;33,0041;0,0162
29.11.2013;1794;33,1332;0,1291
30.11.2013;1795;33,1916;0,0584
03.12.2013;1798;33,1482;-0,0434
04.12.2013;1799;33,246;0,0978
05.12.2013;1800;33,2632;0,0172
06.12.2013;1801;33,114;-0,1492
07.12.2013;1802;32,9514;-0,1626
10.12.2013;1805;32,7782;-0,1732
11.12.2013;1806;32,7848;0,0066
12.12.2013;1807;32,7315;-0,0533
13.12.2013;1808;32,7518;0,0203
14.12.2013;1809;32,8663;0,1145
17.12.2013;1812;32,8658;-0,0005
18.12.2013;1813;32,8646;-0,0012
19.12.2013;1814;32,9404;0,0758
20.12.2013;1815;32,9527;0,0123
21.12.2013;1816;32,9798;0,0271
24.12.2013;1819;32,9506;-0,0292
25.12.2013;1820;32,6284;-0,3222
26.12.2013;1821;32,6487;0,0203
27.12.2013;1822;32,671;0,0223
28.12.2013;1823;32,6282;-0,0428
31.12.2013;1826;32,7292;0,101
01.01.2014;1827;32,6587;-0,0705
10.01.2014;1836;33,1547;0,496
11.01.2014;1837;33,2062;0,0515
14.01.2014;1840;33,1204;-0,0858
15.01.2014;1841;33,2386;0,1182
16.01.2014;1842;33,3562;0,1176
17.01.2014;1843;33,4013;0,0451
18.01.2014;1844;33,4343;0,033
21.01.2014;1847;33,6429;0,2086
22.01.2014;1848;33,8161;0,1732
23.01.2014;1849;33,8688;0,0527
24.01.2014;1850;34,0334;0,1646
25.01.2014;1851;34,26;0,2266
28.01.2014;1854;34,7093;0,4493
29.01.2014;1855;34,625;-0,0843
30.01.2014;1856;34,5633;-0,0617
31.01.2014;1857;35,2448;0,6815
01.02.2014;1858;35,18;-0,0648
04.02.2014;1861;35,2347;0,0547
05.02.2014;1862;35,4502;0,2155
06.02.2014;1863;34,9592;-0,491
07.02.2014;1864;34,7287;-0,2305
08.02.2014;1865;34,6044;-0,1243
11.02.2014;1868;34,7636;0,1592
12.02.2014;1869;34,7964;0,0328
13.02.2014;1870;34,7595;-0,0369
14.02.2014;1871;34,8611;0,1016
15.02.2014;1872;35,2559;0,3948
18.02.2014;1875;35,0976;-0,1583
19.02.2014;1876;35,2386;0,141
20.02.2014;1877;35,5857;0,3471
21.02.2014;1878;35,767;0,1813
22.02.2014;1879;35,6828;-0,0842
25.02.2014;1882;35,5112;-0,1716
26.02.2014;1883;35,5669;0,0557
27.02.2014;1884;35,7872;0,2203
28.02.2014;1885;36,0501;0,2629
01.03.2014;1886;36,1847;0,1346
04.03.2014;1889;36,3784;0,1937
05.03.2014;1890;36,3208;-0,0576
06.03.2014;1891;36,0849;-0,2359
07.03.2014;1892;36,1251;0,0402
08.03.2014;1893;36,2618;0,1367
12.03.2014;1897;36,4015;0,1397
13.03.2014;1898;36,4865;0,085
14.03.2014;1899;36,4566;-0,0299
15.03.2014;1900;36,6391;0,1825
18.03.2014;1903;36,6505;0,0114
19.03.2014;1904;36,4487;-0,2018
20.03.2014;1905;36,207;-0,2417
21.03.2014;1906;36,1081;-0,0989
22.03.2014;1907;36,4022;0,2941
25.03.2014;1910;36,1663;-0,2359
26.03.2014;1911;35,9316;-0,2347
27.03.2014;1912;35,4494;-0,4822
28.03.2014;1913;35,581;0,1316
29.03.2014;1914;35,6871;0,1061
01.04.2014;1917;35,6053;-0,0818
02.04.2014;1918;35,024;-0,5813
03.04.2014;1919;35,2517;0,2277
04.04.2014;1920;35,5154;0,2637
05.04.2014;1921;35,501;-0,0144
08.04.2014;1924;35,4679;-0,0331
09.04.2014;1925;35,5475;0,0796
10.04.2014;1926;35,7493;0,2018
11.04.2014;1927;35,5581;-0,1912
12.04.2014;1928;35,6239;0,0658
15.04.2014;1931;35,989;0,3651
16.04.2014;1932;35,9635;-0,0255
17.04.2014;1933;36,0813;0,1178
18.04.2014;1934;35,9287;-0,1526
19.04.2014;1935;35,5389;-0,3898
22.04.2014;1938;35,6688;0,1299
23.04.2014;1939;35,6785;0,0097
24.04.2014;1940;35,6625;-0,016
25.04.2014;1941;35,683;0,0205
26.04.2014;1942;35,9289;0,2459
29.04.2014;1945;36,0245;0,0956
30.04.2014;1946;35,6983;-0,3262
01.05.2014;1947;35,7227;0,0244
06.05.2014;1952;35,8381;0,1154
07.05.2014;1953;35,655;-0,1831
08.05.2014;1954;35,4971;-0,1579
09.05.2014;1955;35,0343;-0,4628
13.05.2014;1959;35,2091;0,1748
14.05.2014;1960;34,8789;-0,3302
15.05.2014;1961;34,709;-0,1699
16.05.2014;1962;34,7005;-0,0085
17.05.2014;1963;34,7794;0,0789
20.05.2014;1966;34,7394;-0,04
21.05.2014;1967;34,6007;-0,1387
22.05.2014;1968;34,5078;-0,0929
23.05.2014;1969;34,2802;-0,2276
24.05.2014;1970;34,3139;0,0337
27.05.2014;1973;34,0771;-0,2368
28.05.2014;1974;34,2571;0,18
29.05.2014;1975;34,4895;0,2324
30.05.2014;1976;34,6481;0,1586
31.05.2014;1977;34,7352;0,0871
03.06.2014;1980;34,8887;0,1535
04.06.2014;1981;35,0115;0,1228
05.06.2014;1982;35,1398;0,1283
06.06.2014;1983;34,9043;-0,2355
07.06.2014;1984;34,6573;-0,247
10.06.2014;1987;34,3303;-0,327
11.06.2014;1988;34,3681;0,0378
12.06.2014;1989;34,3227;-0,0454
17.06.2014;1994;34,5654;0,2427
18.06.2014;1995;34,8095;0,2441
19.06.2014;1996;34,8232;0,0137
20.06.2014;1997;34,3025;-0,5207
21.06.2014;1998;34,419;0,1165
24.06.2014;2001;34,2797;-0,1393
25.06.2014;2002;33,9812;-0,2985
26.06.2014;2003;33,907;-0,0742
27.06.2014;2004;33,7508;-0,1562
28.06.2014;2005;33,6306;-0,1202
01.07.2014;2008;33,8434;0,2128
02.07.2014;2009;34,2275;0,3841
03.07.2014;2010;34,2496;0,0221
04.07.2014;2011;34,1949;-0,0547
05.07.2014;2012;34,3236;0,1287
08.07.2014;2015;34,5691;0,2455
09.07.2014;2016;34,4258;-0,1433
10.07.2014;2017;34,0758;-0,35
11.07.2014;2018;33,8353;-0,2405
12.07.2014;2019;34,0582;0,2229
15.07.2014;2022;34,3135;0,2553
16.07.2014;2023;34,3723;0,0588
17.07.2014;2024;34,3853;0,013
18.07.2014;2025;34,7998;0,4145
19.07.2014;2026;35,1627;0,3629
22.07.2014;2029;35,09;-0,0727
23.07.2014;2030;35,0387;-0,0513
24.07.2014;2031;34,8101;-0,2286
25.07.2014;2032;35,0786;0,2685
26.07.2014;2033;35,0535;-0,0251
29.07.2014;2036;35,3457;0,2922
30.07.2014;2037;35,6339;0,2882
31.07.2014;2038;35,7271;0,0932
01.08.2014;2039;35,4438;-0,2833
02.08.2014;2040;35,7272;0,2834
05.08.2014;2043;35,6605;-0,0667
06.08.2014;2044;35,7987;0,1382
07.08.2014;2045;36,1102;0,3115
08.08.2014;2046;36,2496;0,1394
09.08.2014;2047;36,4461;0,1965
12.08.2014;2050;36,0475;-0,3986
13.08.2014;2051;36,089;0,0415
14.08.2014;2052;36,2222;0,1332
15.08.2014;2053;36,0395;-0,1827
16.08.2014;2054;36,0014;-0,0381
19.08.2014;2057;36,0294;0,028
20.08.2014;2058;36,1094;0,08
21.08.2014;2059;36,224;0,1146
22.08.2014;2060;36,3317;0,1077
23.08.2014;2061;36,0027;-0,329
26.08.2014;2064;36,1201;0,1174
27.08.2014;2065;36,1358;0,0157
28.08.2014;2066;36,1397;0,0039
29.08.2014;2067;36,3053;0,1656
30.08.2014;2068;36,9316;0,6263
02.09.2014;2071;37,2945;0,3629
03.09.2014;2072;37,348;0,0535
04.09.2014;2073;37,3183;-0,0297
05.09.2014;2074;36,8038;-0,5145
06.09.2014;2075;36,9219;0,1181
09.09.2014;2078;37,0866;0,1647
10.09.2014;2079;37,0261;-0,0605
11.09.2014;2080;37,1693;0,1432
12.09.2014;2081;37,3758;0,2065
13.09.2014;2082;37,6545;0,2787
16.09.2014;2085;37,9861;0,3316
17.09.2014;2086;38,7058;0,7197
18.09.2014;2087;38,3724;-0,3334
19.09.2014;2088;38,4209;0,0485
20.09.2014;2089;38,4134;-0,0075
23.09.2014;2092;38,5782;0,1648
24.09.2014;2093;38,6672;0,089
25.09.2014;2094;38,383;-0,2842
26.09.2014;2095;38,3007;-0,0823
27.09.2014;2096;38,7243;0,4236
30.09.2014;2099;39,3866;0,6623
01.10.2014;2100;39,3836;-0,003
02.10.2014;2101;39,6604;0,2768
03.10.2014;2102;39,5474;-0,113
04.10.2014;2103;39,698;0,1506
07.10.2014;2106;39,982;0,284
08.10.2014;2107;39,7417;-0,2403
09.10.2014;2108;39,9819;0,2402
10.10.2014;2109;39,98;-0,0019
11.10.2014;2110;40,2125;0,2325
14.10.2014;2113;40,3251;0,1126
15.10.2014;2114;40,5304;0,2053
16.10.2014;2115;40,9416;0,4112
17.10.2014;2116;40,7457;-0,1959
18.10.2014;2117;41,045;0,2993
21.10.2014;2120;40,8815;-0,1635
22.10.2014;2121;41,0501;0,1686
23.10.2014;2122;40,9671;-0,083
24.10.2014;2123;41,4958;0,5287
25.10.2014;2124;41,8101;0,3143
28.10.2014;2127;41,9497;0,1396
29.10.2014;2128;42,3934;0,4437
30.10.2014;2129;42,6525;0,2591
31.10.2014;2130;43,3943;0,7418
01.11.2014;2131;41,9627;-1,4316
06.11.2014;2136;44,3993;2,4366
07.11.2014;2137;45,1854;0,7861
08.11.2014;2138;47,8774;2,692
11.11.2014;2141;45,8926;-1,9848
12.11.2014;2142;45,952;0,0594
13.11.2014;2143;46,3379;0,3859
14.11.2014;2144;46,1233;-0,2146
15.11.2014;2145;47,392;1,2687
18.11.2014;2148;47,3329;-0,0591
19.11.2014;2149;46,9797;-0,3532
20.11.2014;2150;47,0294;0,0497
21.11.2014;2151;46,7047;-0,3247
22.11.2014;2152;45,7926;-0,9121
25.11.2014;2155;44,7852;-1,0074
26.11.2014;2156;44,9758;0,1906
27.11.2014;2157;46,4244;1,4486
28.11.2014;2158;47,6629;1,2385
29.11.2014;2159;49,322;1,6591
02.12.2014;2162;51,8068;2,4848
03.12.2014;2163;50,7678;-1,039
04.12.2014;2164;54,3821;3,6143
05.12.2014;2165;52,6932;-1,6889
06.12.2014;2166;53,1088;0,4156
09.12.2014;2169;53,3079;0,1991
10.12.2014;2170;54,2116;0,9037
11.12.2014;2171;54,2758;0,0642
12.12.2014;2172;54,7932;0,5174
13.12.2014;2173;56,8919;2,0987
16.12.2014;2176;58,3461;1,4542
17.12.2014;2177;61,1512;2,8051
18.12.2014;2178;67,7851;6,6339
19.12.2014;2179;59,6029;-8,1822
20.12.2014;2180;60,6825;1,0796
23.12.2014;2183;56,494;-4,1885
24.12.2014;2184;54,5687;-1,9253
25.12.2014;2185;54,4913;-0,0774
26.12.2014;2186;52,6159;-1,8754
27.12.2014;2187;52,0343;-0,5816
30.12.2014;2190;56,6801;4,6458
31.12.2014;2191;56,2584;-0,4217
01.01.2015;2192;56,2376;-0,0208
13.01.2015;2204;62,7363;6,4987
14.01.2015;2205;64,8425;2,1062
15.01.2015;2206;66,0983;1,2558
16.01.2015;2207;64,8337;-1,2646
17.01.2015;2208;65,1738;0,3401
20.01.2015;2211;64,9732;-0,2006
21.01.2015;2212;64,9862;0,013
22.01.2015;2213;65,5558;0,5696
23.01.2015;2214;65,4;-0,1558
24.01.2015;2215;63,393;-2,007
27.01.2015;2218;65,5937;2,2007
28.01.2015;2219;67,8153;2,2216
29.01.2015;2220;67,1506;-0,6647
30.01.2015;2221;68,7303;1,5797
31.01.2015;2222;68,9291;0,1988
03.02.2015;2225;69,664;0,7349
04.02.2015;2226;67,7727;-1,8913
05.02.2015;2227;65,447;-2,3257
06.02.2015;2228;68,6113;3,1643
07.02.2015;2229;66,0432;-2,5681
10.02.2015;2232;65,7817;-0,2615
11.02.2015;2233;65,4469;-0,3348
12.02.2015;2234;66,0585;0,6116
13.02.2015;2235;66,0994;0,0409
14.02.2015;2236;65,0862;-1,0132
17.02.2015;2239;62,6632;-2,423
18.02.2015;2240;62,8353;0,1721
19.02.2015;2241;62,4001;-0,4352
20.02.2015;2242;62,1307;-0,2694
21.02.2015;2243;61,7235;-0,4072
25.02.2015;2247;63,5083;1,7848
26.02.2015;2248;62,5906;-0,9177
27.02.2015;2249;60,7109;-1,8797
28.02.2015;2250;61,2718;0,5609
03.03.2015;2253;62,2248;0,953
04.03.2015;2254;62,3649;0,1401
05.03.2015;2255;61,8745;-0,4904
06.03.2015;2256;61,8457;-0,0288
07.03.2015;2257;59,9938;-1,8519
11.03.2015;2261;60,6649;0,6711
12.03.2015;2262;62,6797;2,0148
13.03.2015;2263;60,9595;-1,7202
14.03.2015;2264;61,3167;0,3572
17.03.2015;2267;62,1497;0,833
18.03.2015;2268;61,751;-0,3987
19.03.2015;2269;61,3483;-0,4027
20.03.2015;2270;59,8308;-1,5175
21.03.2015;2271;60,0341;0,2033
24.03.2015;2274;59,4452;-0,5889
25.03.2015;2275;58,771;-0,6742
26.03.2015;2276;57,3879;-1,3831
27.03.2015;2277;56,4271;-0,9608
28.03.2015;2278;57,7279;1,3008
31.03.2015;2281;58,4643;0,7364
01.04.2015;2282;57,65;-0,8143
02.04.2015;2283;58,3536;0,7036
03.04.2015;2284;56,9902;-1,3634
04.04.2015;2285;56,7534;-0,2368
07.04.2015;2288;56,5161;-0,2373
08.04.2015;2289;55,3328;-1,1833
09.04.2015;2290;54,027;-1,3058
10.04.2015;2291;52,5424;-1,4846
11.04.2015;2292;51,0678;-1,4746
14.04.2015;2295;52,422;1,3542
15.04.2015;2296;51,9749;-0,4471
16.04.2015;2297;50,5033;-1,4716
17.04.2015;2298;49,6749;-0,8284
18.04.2015;2299;50,5295;0,8546
21.04.2015;2302;51,5207;0,9912
22.04.2015;2303;53,9728;2,4521
23.04.2015;2304;53,6555;-0,3173
24.04.2015;2305;51,6011;-2,0544
25.04.2015;2306;50,2473;-1,3538
28.04.2015;2309;51,469;1,2217
29.04.2015;2310;52,3041;0,8351
30.04.2015;2311;51,7029;-0,6012
01.05.2015;2312;51,1388;-0,5641
06.05.2015;2317;51,7574;0,6186
07.05.2015;2318;49,9816;-1,7758
08.05.2015;2319;50,3615;0,3799
09.05.2015;2320;50,7511;0,3896
13.05.2015;2324;50,914;0,1629
14.05.2015;2325;49,5366;-1,3774
15.05.2015;2326;50,0774;0,5408
16.05.2015;2327;50,0115;-0,0659
19.05.2015;2330;49,2175;-0,794
20.05.2015;2331;49,1777;-0,0398
21.05.2015;2332;49,7919;0,6142
22.05.2015;2333;49,9204;0,1285
23.05.2015;2334;49,7901;-0,1303
26.05.2015;2337;49,8613;0,0712
27.05.2015;2338;50,3223;0,461
28.05.2015;2339;51,0178;0,6955
29.05.2015;2340;52,2907;1,2729
30.05.2015;2341;52,9716;0,6809
02.06.2015;2344;52,8213;-0,1503
03.06.2015;2345;53,4413;0,62
04.06.2015;2346;53,059;-0,3823
05.06.2015;2347;54,9908;1,9318
06.06.2015;2348;56,2463;1,2555
09.06.2015;2351;56,0435;-0,2028
10.06.2015;2352;55,91;-0,1335
11.06.2015;2353;54,8219;-1,0881
12.06.2015;2354;54,5285;-0,2934
16.06.2015;2358;55,2679;0,7394
17.06.2015;2359;54,0409;-1,227
18.06.2015;2360;53,8999;-0,141
19.06.2015;2361;53,3301;-0,5698
20.06.2015;2362;53,8006;0,4705
23.06.2015;2365;53,5569;-0,2437
24.06.2015;2366;54,2081;0,6512
25.06.2015;2367;54,0746;-0,1335
26.06.2015;2368;54,6026;0,528
27.06.2015;2369;54,8126;0,21
30.06.2015;2372;55,524;0,7114
01.07.2015;2373;55,8413;0,3173
02.07.2015;2374;55,4756;-0,3657
03.07.2015;2375;55,6555;0,1799
04.07.2015;2376;55,6049;-0,0506
07.07.2015;2379;56,4112;0,8063
08.07.2015;2380;57,2192;0,808
09.07.2015;2381;57,2174;-0,0018
10.07.2015;2382;56,9803;-0,2371
11.07.2015;2383;56,6685;-0,3118
14.07.2015;2386;56,6079;-0,0606
15.07.2015;2387;56,9774;0,3695
16.07.2015;2388;56,6642;-0,3132
17.07.2015;2389;56,9504;0,2862
18.07.2015;2390;56,8423;-0,1081
21.07.2015;2393;56,8336;-0,0087
22.07.2015;2394;57,0025;0,1689
23.07.2015;2395;57,0232;0,0207
24.07.2015;2396;57,3578;0,3346
25.07.2015;2397;58,0374;0,6796
28.07.2015;2400;58,7816;0,7442
29.07.2015;2401;60,2231;1,4415
30.07.2015;2402;59,7665;-0,4566
31.07.2015;2403;58,9906;-0,7759
01.08.2015;2404;60,3458;1,3552
04.08.2015;2407;62,4677;2,1219
05.08.2015;2408;62,9182;0,4505
06.08.2015;2409;62,7184;-0,1998
07.08.2015;2410;63,8644;1,146
08.08.2015;2411;63,8399;-0,0245
11.08.2015;2414;64,4977;0,6578
12.08.2015;2415;63,2098;-1,2879
13.08.2015;2416;65,0169;1,8071
14.08.2015;2417;63,9988;-1,0181
15.08.2015;2418;64,9363;0,9375
18.08.2015;2421;65,5034;0,5671
19.08.2015;2422;65,8289;0,3255
20.08.2015;2423;65,7222;-0,1067
21.08.2015;2424;66,9608;1,2386
22.08.2015;2425;68,1216;1,1608
25.08.2015;2428;70,7465;2,6249
26.08.2015;2429;69,9461;-0,8004
27.08.2015;2430;69,3142;-0,6319
28.08.2015;2431;67,4473;-1,8669
29.08.2015;2432;66,4779;-0,9694
01.09.2015;2435;66,7152;0,2373
02.09.2015;2436;65,3495;-1,3657
03.09.2015;2437;66,6756;1,3261
04.09.2015;2438;67,0102;0,3346
05.09.2015;2439;67,685;0,6748
08.09.2015;2442;68,4864;0,8014
09.09.2015;2443;68,7932;0,3068
10.09.2015;2444;67,6219;-1,1713
11.09.2015;2445;68,4961;0,8742
12.09.2015;2446;68,0093;-0,4868
15.09.2015;2449;67,9571;-0,0522
16.09.2015;2450;67,1574;-0,7997
17.09.2015;2451;65,9273;-1,2301
18.09.2015;2452;65,3623;-0,565
19.09.2015;2453;65,6445;0,2822
22.09.2015;2456;66,1455;0,501
23.09.2015;2457;66,1747;0,0292
24.09.2015;2458;66,041;-0,1337
25.09.2015;2459;66,5151;0,4741
26.09.2015;2460;65,6727;-0,8424
29.09.2015;2463;65,547;-0,1257
30.09.2015;2464;66,2367;0,6897
01.10.2015;2465;65,7364;-0,5003
02.10.2015;2466;65,0336;-0,7028
03.10.2015;2467;65,9414;0,9078
06.10.2015;2470;65,6248;-0,3166
07.10.2015;2471;65,0962;-0,5286
08.10.2015;2472;62,7061;-2,3901
09.10.2015;2473;62,2942;-0,4119
10.10.2015;2474;61,2967;-0,9975
13.10.2015;2477;61,1535;-0,1432
14.10.2015;2478;62,2237;1,0702
15.10.2015;2479;63,1248;0,9011
16.10.2015;2480;62,2433;-0,8815
17.10.2015;2481;61,3587;-0,8846
20.10.2015;2484;61,4419;0,0832
21.10.2015;2485;62,162;0,7201
22.10.2015;2486;62,6309;0,4689
23.10.2015;2487;62,7888;0,1579
24.10.2015;2488;61,9286;-0,8602
27.10.2015;2491;62,5038;0,5752
28.10.2015;2492;63,5004;0,9966
29.10.2015;2493;65,3159;1,8155
30.10.2015;2494;64,1686;-1,1473
31.10.2015;2495;64,3742;0,2056
03.11.2015;2498;63,7993;-0,5749
04.11.2015;2499;63,8525;0,0532
06.11.2015;2501;63,3991;-0,4534
07.11.2015;2502;63,6832;0,2841
10.11.2015;2505;64,6606;0,9774
11.11.2015;2506;64,3908;-0,2698
12.11.2015;2507;64,5693;0,1785
13.11.2015;2508;65,4541;0,8848
14.11.2015;2509;66,6343;1,1802
17.11.2015;2512;66,4607;-0,1736
18.11.2015;2513;65,4799;-0,9808
19.11.2015;2514;64,7785;-0,7014
20.11.2015;2515;64,912;0,1335
21.11.2015;2516;64,8673;-0,0447
24.11.2015;2519;65,5973;0,73
25.11.2015;2520;65,621;0,0237
26.11.2015;2521;65,4789;-0,1421
27.11.2015;2522;65,6836;0,2047
28.11.2015;2523;66,2393;0,5557
01.12.2015;2526;66,737;0,4977
02.12.2015;2527;66,2584;-0,4786
03.12.2015;2528;66,7402;0,4818
04.12.2015;2529;67,7691;1,0289
05.12.2015;2530;67,6698;-0,0993
08.12.2015;2533;68,5156;0,8458
09.12.2015;2534;69,3026;0,787
10.12.2015;2535;69,2;-0,1026
11.12.2015;2536;69,2151;0,0151
12.12.2015;2537;69,1755;-0,0396
15.12.2015;2540;70,2244;1,0489
16.12.2015;2541;70,8295;0,6051
17.12.2015;2542;70,4012;-0,4283
18.12.2015;2543;70,5806;0,1794
19.12.2015;2544;71,3215;0,7409
22.12.2015;2547;71,2553;-0,0662
23.12.2015;2548;71,1211;-0,1342
24.12.2015;2549;70,9333;-0,1878
25.12.2015;2550;69,5165;-1,4168
26.12.2015;2551;70,269;0,7525
29.12.2015;2554;70,7865;0,5175
30.12.2015;2555;72,5066;1,7201
31.12.2015;2556;72,8827;0,3761
01.01.2016;2557;72,9299;0,0472
12.01.2016;2568;75,9507;3,0208
13.01.2016;2569;76,6041;0,6534
14.01.2016;2570;76,4275;-0,1766
15.01.2016;2571;76,523;0,0955
16.01.2016;2572;76,565;0,042
19.01.2016;2575;78,6678;2,1028
20.01.2016;2576;78,4862;-0,1816
21.01.2016;2577;79,4614;0,9752
22.01.2016;2578;83,5913;4,1299
23.01.2016;2579;80,5714;-3,0199
26.01.2016;2582;77,7965;-2,7749
27.01.2016;2583;81,8394;4,0429
28.01.2016;2584;78,9969;-2,8425
29.01.2016;2585;77,3674;-1,6295
30.01.2016;2586;75,1723;-2,1951
02.02.2016;2589;76,3264;1,1541
03.02.2016;2590;77,9273;1,6009
04.02.2016;2591;79,2593;1,332
05.02.2016;2592;76,4609;-2,7984
06.02.2016;2593;77,3409;0,88
09.02.2016;2596;76,8614;-0,4795
10.02.2016;2597;78,6805;1,8191
11.02.2016;2598;79,0689;0,3884
12.02.2016;2599;79,1144;0,0455
13.02.2016;2600;79,4951;0,3807
16.02.2016;2603;77,7792;-1,7159
17.02.2016;2604;76,245;-1,5342
18.02.2016;2605;77,8503;1,6053
19.02.2016;2606;75,4575;-2,3928
20.02.2016;2607;76,3657;0,9082
21.02.2016;2608;77,1326;0,7669
25.02.2016;2612;76,3928;-0,7398
26.02.2016;2613;76,3929;0,0001
27.02.2016;2614;75,0903;-1,3026
01.03.2016;2617;75,8994;0,8091
02.03.2016;2618;74,0536;-1,8458
03.03.2016;2619;73,6256;-0,428
04.03.2016;2620;73,8242;0,1986
05.03.2016;2621;73,1854;-0,6388
10.03.2016;2626;72,3775;-0,8079
11.03.2016;2627;71,0928;-1,2847
12.03.2016;2628;70,3067;-0,7861
15.03.2016;2631;70,1542;-0,1525
16.03.2016;2632;70,5408;0,3866
17.03.2016;2633;71,0256;0,4848
18.03.2016;2634;68,5598;-2,4658
19.03.2016;2635;68,4026;-0,1572
22.03.2016;2638;68,8086;0,406
23.03.2016;2639;67,7764;-1,0322
24.03.2016;2640;67,6409;-0,1355
25.03.2016;2641;68,9328;1,2919
26.03.2016;2642;68,4346;-0,4982
29.03.2016;2645;67,7807;-0,6539
30.03.2016;2646;68,7549;0,9742
31.03.2016;2647;67,6076;-1,1473
01.04.2016;2648;67,8552;0,2476
02.04.2016;2649;67,141;-0,7142
05.04.2016;2652;68,6753;1,5343
06.04.2016;2653;68,8901;0,2148
07.04.2016;2654;68,5215;-0,3686
08.04.2016;2655;67,796;-0,7255
09.04.2016;2656;67,4662;-0,3298
12.04.2016;2659;67,125;-0,3412
13.04.2016;2660;66,3456;-0,7794
14.04.2016;2661;65,7662;-0,5794
15.04.2016;2662;66,4954;0,7292
16.04.2016;2663;66,0452;-0,4502
19.04.2016;2666;68,2724;2,2272
20.04.2016;2667;65,6474;-2,625
21.04.2016;2668;66,0364;0,389
22.04.2016;2669;65,0254;-1,011
23.04.2016;2670;66,2198;1,1944
26.04.2016;2673;66,6295;0,4097
27.04.2016;2674;66,4559;-0,1736
28.04.2016;2675;65,1618;-1,2941
29.04.2016;2676;65,1133;-0,0485
30.04.2016;2677;64,3334;-0,7799
05.05.2016;2682;66,1718;1,8384
06.05.2016;2683;65,8918;-0,28
07.05.2016;2684;66,1928;0,301
11.05.2016;2688;66,3277;0,1349
12.05.2016;2689;66,2428;-0,0849
13.05.2016;2690;64,9607;-1,2821
14.05.2016;2691;64,9306;-0,0301
17.05.2016;2694;64,8895;-0,0411
18.05.2016;2695;64,5138;-0,3757
19.05.2016;2696;65,0641;0,5503
20.05.2016;2697;66,211;1,1469
21.05.2016;2698;66,3775;0,1665
24.05.2016;2701;67,0475;0,67
25.05.2016;2702;67,0493;0,0018
26.05.2016;2703;65,8949;-1,1544
27.05.2016;2704;65,2062;-0,6887
28.05.2016;2705;66,0413;0,8351
31.05.2016;2708;66,0825;0,0412
01.06.2016;2709;65,9962;-0,0863
02.06.2016;2710;66,6156;0,6194
03.06.2016;2711;66,7491;0,1335
04.06.2016;2712;66,8529;0,1038
07.06.2016;2715;65,7894;-1,0635
08.06.2016;2716;65,2089;-0,5805
09.06.2016;2717;64,6797;-0,5292
10.06.2016;2718;63,7402;-0,9395
11.06.2016;2719;64,7077;0,9675
15.06.2016;2723;66,0306;1,3229
16.06.2016;2724;65,9156;-0,115
17.06.2016;2725;65,8618;-0,0538
18.06.2016;2726;65,4398;-0,422
21.06.2016;2729;64,1509;-1,2889
22.06.2016;2730;64,1743;0,0234
23.06.2016;2731;63,7162;-0,4581
24.06.2016;2732;64,3212;0,605
25.06.2016;2733;65,5287;1,2075
28.06.2016;2736;65,0588;-0,4699
29.06.2016;2737;64,8095;-0,2493
30.06.2016;2738;64,2575;-0,552
01.07.2016;2739;64,1755;-0,082
02.07.2016;2740;64,0165;-0,159
05.07.2016;2743;63,6844;-0,3321
06.07.2016;2744;64,2676;0,5832
07.07.2016;2745;64,6304;0,3628
08.07.2016;2746;64,05;-0,5804
09.07.2016;2747;64,2488;0,1988
12.07.2016;2750;64,2024;-0,0464
13.07.2016;2751;63,9029;-0,2995
14.07.2016;2752;63,8531;-0,0498
15.07.2016;2753;63,5773;-0,2758
16.07.2016;2754;63,1697;-0,4076
19.07.2016;2757;63,1154;-0,0543
20.07.2016;2758;62,9891;-0,1263
21.07.2016;2759;63,4183;0,4292
22.07.2016;2760;63,7373;0,319
23.07.2016;2761;64,627;0,8897
26.07.2016;2764;64,9184;0,2914
27.07.2016;2765;65,7408;0,8224
28.07.2016;2766;65,9467;0,2059
29.07.2016;2767;66,1125;0,1658
30.07.2016;2768;67,0512;0,9387
02.08.2016;2771;65,9553;-1,0959
03.08.2016;2772;66,8816;0,9263
04.08.2016;2773;66,742;-0,1396
05.08.2016;2774;66,3941;-0,3479
06.08.2016;2775;65,5627;-0,8314
09.08.2016;2778;65,0799;-0,4828
10.08.2016;2779;64,7848;-0,2951
11.08.2016;2780;64,8137;0,0289
12.08.2016;2781;64,9497;0,136
13.08.2016;2782;64,3364;-0,6133
16.08.2016;2785;64,2076;-0,1288
17.08.2016;2786;63,9514;-0,2562
18.08.2016;2787;63,9943;0,0429
19.08.2016;2788;63,5487;-0,4456
20.08.2016;2789;63,9391;0,3904
23.08.2016;2792;64,2078;0,2687
24.08.2016;2793;64,7684;0,5606
25.08.2016;2794;64,814;0,0456
26.08.2016;2795;64,9459;0,1319
27.08.2016;2796;64,738;-0,2079
30.08.2016;2799;65,081;0,343
31.08.2016;2800;64,9072;-0,1738
01.09.2016;2801;65,2535;0,3463
02.09.2016;2802;65,2566;0,0031
03.09.2016;2803;65,8684;0,6118
06.09.2016;2806;64,7644;-1,104
07.09.2016;2807;64,8306;0,0662
08.09.2016;2808;64,3804;-0,4502
09.09.2016;2809;63,973;-0,4074
10.09.2016;2810;64,1617;0,1887
13.09.2016;2813;65,0539;0,8922
14.09.2016;2814;64,8102;-0,2437
15.09.2016;2815;64,9737;0,1635
16.09.2016;2816;65,217;0,2433
17.09.2016;2817;64,994;-0,223
20.09.2016;2820;64,9173;-0,0767
21.09.2016;2821;64,7513;-0,166
22.09.2016;2822;64,4424;-0,3089
23.09.2016;2823;63,7942;-0,6482
24.09.2016;2824;63,8642;0,07
27.09.2016;2827;64,1506;0,2864
28.09.2016;2828;63,6921;-0,4585
29.09.2016;2829;63,9509;0,2588
30.09.2016;2830;63,1581;-0,7928
01.10.2016;2831;63,396;0,2379
04.10.2016;2834;62,5477;-0,8483
05.10.2016;2835;62,4323;-0,1154
06.10.2016;2836;62,4583;0,026
07.10.2016;2837;62,39;-0,0683
08.10.2016;2838;62,3031;-0,0869
11.10.2016;2841;62,3884;0,0853
12.10.2016;2842;62,1946;-0,1938
13.10.2016;2843;62,5892;0,3946
14.10.2016;2844;63,3465;0,7573
15.10.2016;2845;62,9934;-0,3531
18.10.2016;2848;63,151;0,1576
19.10.2016;2849;62,89;-0,261
20.10.2016;2850;62,5841;-0,3059
21.10.2016;2851;62,4194;-0,1647
22.10.2016;2852;62,4499;0,0305
25.10.2016;2855;62,2349;-0,215
26.10.2016;2856;62,048;-0,1869
27.10.2016;2857;62,2597;0,2117
28.10.2016;2858;63,0399;0,7802
29.10.2016;2859;62,9037;-0,1362
01.11.2016;2862;63,2174;0,3137
02.11.2016;2863;63,2025;-0,0149
03.11.2016;2864;63,4166;0,2141
04.11.2016;2865;63,5043;0,0877
08.11.2016;2869;63,9074;0,4031
09.11.2016;2870;63,7364;-0,171
10.11.2016;2871;63,8928;0,1564
11.11.2016;2872;63,4161;-0,4767
12.11.2016;2873;65,2167;1,8006
15.11.2016;2876;65,8591;0,6424
16.11.2016;2877;65,5548;-0,3043
17.11.2016;2878;64,5463;-1,0085
18.11.2016;2879;64,9154;0,3691
19.11.2016;2880;65,1023;0,1869
22.11.2016;2883;64,358;-0,7443
23.11.2016;2884;63,6282;-0,7298
24.11.2016;2885;64,0087;0,3805
25.11.2016;2886;64,6279;0,6192
26.11.2016;2887;64,6174;-0,0105
29.11.2016;2890;64,9153;0,2979
30.11.2016;2891;64,9449;0,0296
01.12.2016;2892;65,2382;0,2933
02.12.2016;2893;63,6807;-1,5575
03.12.2016;2894;64,1528;0,4721
06.12.2016;2897;63,9242;-0,2286
07.12.2016;2898;63,8741;-0,0501
08.12.2016;2899;63,9114;0,0373
09.12.2016;2900;63,3901;-0,5213
10.12.2016;2901;63,3028;-0,0873
13.12.2016;2904;61,5804;-1,7224
14.12.2016;2905;61,069;-0,5114
15.12.2016;2906;60,8079;-0,2611
16.12.2016;2907;61,6368;0,8289
17.12.2016;2908;61,7515;0,1147
20.12.2016;2911;61,7931;0,0416
21.12.2016;2912;61,7967;0,0036
22.12.2016;2913;61,1092;-0,6875
23.12.2016;2914;60,8641;-0,2451
24.12.2016;2915;60,8528;-0,0113
27.12.2016;2918;60,9084;0,0556
28.12.2016;2919;60,8587;-0,0497
29.12.2016;2920;60,6669;-0,1918
30.12.2016;2921;60,273;-0,3939
31.12.2016;2922;60,6569;0,3839
10.01.2017;2932;59,8961;-0,7608
11.01.2017;2933;59,9533;0,0572
12.01.2017;2934;60,1614;0,2081
13.01.2017;2935;59,4978;-0,6636
14.01.2017;2936;59,37;-0,1278
17.01.2017;2939;59,6067;0,2367
18.01.2017;2940;59,4015;-0,2052
19.01.2017;2941;59,183;-0,2185
20.01.2017;2942;59,3521;0,1691
21.01.2017;2943;59,6697;0,3176
24.01.2017;2946;59,5034;-0,1663
25.01.2017;2947;59,2168;-0,2866
26.01.2017;2948;59,1489;-0,0679
27.01.2017;2949;59,6356;0,4867
28.01.2017;2950;60,3196;0,684
31.01.2017;2953;60,1618;-0,1578
01.02.2017;2954;60,0851;-0,0767
02.02.2017;2955;60,3099;0,2248
03.02.2017;2956;59,9858;-0,3241
04.02.2017;2957;59,3137;-0,6721
07.02.2017;2960;58,7121;-0,6016
08.02.2017;2961;59,1933;0,4812
09.02.2017;2962;59,5129;0,3196
10.02.2017;2963;59,0235;-0,4894
11.02.2017;2964;58,8457;-0,1778
14.02.2017;2967;58,0619;-0,7838
15.02.2017;2968;57,7388;-0,3231
16.02.2017;2969;56,7719;-0,9669
17.02.2017;2970;57,1507;0,3788
18.02.2017;2971;57,6342;0,4835
21.02.2017;2974;58,0967;0,4625
22.02.2017;2975;57,859;-0,2377
23.02.2017;2976;57,4762;-0,3828
28.02.2017;2981;57,9371;0,4609
01.03.2017;2982;57,9627;0,0256
02.03.2017;2983;58,3776;0,4149
03.03.2017;2984;58,4067;0,0291
04.03.2017;2985;58,9099;0,5032
07.03.2017;2988;58,337;-0,5729
08.03.2017;2989;58,263;-0,074
10.03.2017;2991;58,8318;0,5688
11.03.2017;2992;59,2174;0,3856
14.03.2017;2995;59,1327;-0,0847
15.03.2017;2996;58,954;-0,1787
16.03.2017;2997;59,1128;0,1588
17.03.2017;2998;58,2437;-0,8691
18.03.2017;2999;57,9344;-0,3093
21.03.2017;3002;57,2847;-0,6497
22.03.2017;3003;57,2323;-0,0524
23.03.2017;3004;57,636;0,4037
24.03.2017;3005;57,5228;-0,1132
25.03.2017;3006;57,4247;-0,0981
28.03.2017;3009;57,0233;-0,4014
29.03.2017;3010;56,9364;-0,0869
30.03.2017;3011;57,0241;0,0877
31.03.2017;3012;56,3779;-0,6462
01.04.2017;3013;55,9606;-0,4173
04.04.2017;3016;56,1396;0,179
05.04.2017;3017;56,5553;0,4157
06.04.2017;3018;55,894;-0,6613
07.04.2017;3019;56,4369;0,5429
08.04.2017;3020;56,9201;0,4832
11.04.2017;3023;57,3896;0,4695
12.04.2017;3024;56,9552;-0,4344
13.04.2017;3025;56,7556;-0,1996
14.04.2017;3026;56,6019;-0,1537
15.04.2017;3027;56,2945;-0,3074
18.04.2017;3030;56,2505;-0,044
19.04.2017;3031;55,9793;-0,2712
20.04.2017;3032;56,1753;0,196
21.04.2017;3033;56,4165;0,2412
22.04.2017;3034;56,2307;-0,1858
25.04.2017;3037;56,0794;-0,1513
26.04.2017;3038;55,8453;-0,2341
27.04.2017;3039;56,3131;0,4678
28.04.2017;3040;56,9707;0,6576
29.04.2017;3041;56,9838;0,0131
03.05.2017;3045;56,9518;-0,032
04.05.2017;3046;57,0927;0,1409
05.05.2017;3047;57,5714;0,4787
06.05.2017;3048;58,5382;0,9668
11.05.2017;3053;58,0824;-0,4558
12.05.2017;3054;57,1161;-0,9663
13.05.2017;3055;57,164;0,0479
16.05.2017;3058;56,5258;-0,6382
17.05.2017;3059;56,2603;-0,2655
18.05.2017;3060;56,7383;0,478
19.05.2017;3061;57,4683;0,73
20.05.2017;3062;57,1602;-0,3081
23.05.2017;3065;56,4988;-0,6614
24.05.2017;3066;56,5552;0,0564
25.05.2017;3067;56,2743;-0,2809
26.05.2017;3068;56,0701;-0,2042
27.05.2017;3069;56,756;0,6859
30.05.2017;3072;56,7106;-0,0454
31.05.2017;3073;56,5168;-0,1938
01.06.2017;3074;56,6876;0,1708
02.06.2017;3075;56,5373;-0,1503
03.06.2017;3076;56,6876;0,1503
06.06.2017;3079;56,6152;-0,0724
07.06.2017;3080;56,6747;0,0595
08.06.2017;3081;56,5878;-0,0869
09.06.2017;3082;56,9857;0,3979
10.06.2017;3083;57,002;0,0163
14.06.2017;3087;56,9096;-0,0924
15.06.2017;3088;57,0303;0,1207
16.06.2017;3089;57,4437;0,4134
17.06.2017;3090;57,7408;0,2971
20.06.2017;3093;57,9585;0,2177
21.06.2017;3094;58,5786;0,6201
22.06.2017;3095;60;1,4214
23.06.2017;3096;60,1482;0,1482
24.06.2017;3097;59,6564;-0,4918
27.06.2017;3100;59,0014;-0,655
28.06.2017;3101;58,8843;-0,1171
29.06.2017;3102;59,5415;0,6572
30.06.2017;3103;59,0855;-0,456
01.07.2017;3104;59,3862;0,3007
04.07.2017;3107;58,9695;-0,4167
05.07.2017;3108;59,2295;0,26
06.07.2017;3109;59,5787;0,3492
07.07.2017;3110;60,2426;0,6639
08.07.2017;3111;60,3792;0,1366
11.07.2017;3114;60,3014;-0,0778
12.07.2017;3115;60,7397;0,4383
13.07.2017;3116;60,6227;-0,117
14.07.2017;3117;60,1836;-0,4391
15.07.2017;3118;59,8806;-0,303
18.07.2017;3121;59,0657;-0,8149
19.07.2017;3122;59,3705;0,3048
20.07.2017;3123;59,2418;-0,1287
21.07.2017;3124;59,0823;-0,1595
22.07.2017;3125;58,9325;-0,1498
25.07.2017;3128;59,6572;0,7247
26.07.2017;3129;59,8185;0,1613
27.07.2017;3130;59,9102;0,0917
28.07.2017;3131;59,4102;-0,5
29.07.2017;3132;59,5436;0,1334
01.08.2017;3135;60,0633;0,5197
02.08.2017;3136;59,8454;-0,2179
03.08.2017;3137;60,5819;0,7365
04.08.2017;3138;60,7503;0,1684
05.08.2017;3139;60,3281;-0,4222
08.08.2017;3142;60,0605;-0,2676
09.08.2017;3143;59,9886;-0,0719
10.08.2017;3144;59,9611;-0,0275
11.08.2017;3145;59,9298;-0,0313
12.08.2017;3146;60,1873;0,2575
15.08.2017;3149;59,799;-0,3883
16.08.2017;3150;59,9266;0,1276
17.08.2017;3151;59,6521;-0,2745
18.08.2017;3152;59,249;-0,4031
19.08.2017;3153;59,3612;0,1122
22.08.2017;3156;59,1409;-0,2203
23.08.2017;3157;59,0396;-0,1013
24.08.2017;3158;59,1312;0,0916
25.08.2017;3159;59,1397;0,0085
26.08.2017;3160;59,1476;0,0079
29.08.2017;3163;58,5469;-0,6007
30.08.2017;3164;58,532;-0,0149
31.08.2017;3165;58,7306;0,1986
01.09.2017;3166;58,5454;-0,1852
02.09.2017;3167;58,0557;-0,4897
05.09.2017;3170;57,7817;-0,274
06.09.2017;3171;57,8503;0,0686
07.09.2017;3172;57,3387;-0,5116
08.09.2017;3173;57,1411;-0,1976
09.09.2017;3174;56,9966;-0,1445
12.09.2017;3177;57,1694;0,1728
13.09.2017;3178;57,2656;0,0962
14.09.2017;3179;57,6679;0,4023
15.09.2017;3180;57,7706;0,1027
16.09.2017;3181;57,5336;-0,237
19.09.2017;3184;57,6242;0,0906
20.09.2017;3185;58,0993;0,4751
21.09.2017;3186;58,129;0,0297
22.09.2017;3187;58,2242;0,0952
23.09.2017;3188;57,6527;-0,5715
26.09.2017;3191;57,566;-0,0867
27.09.2017;3192;57,5186;-0,0474
28.09.2017;3193;58,0102;0,4916
29.09.2017;3194;58,4255;0,4153
30.09.2017;3195;58,0169;-0,4086
03.10.2017;3198;57,8134;-0,2035
04.10.2017;3199;57,9375;0,1241
05.10.2017;3200;57,7832;-0,1543
06.10.2017;3201;57,5811;-0,2021
07.10.2017;3202;57,7612;0,1801
10.10.2017;3205;58,3151;0,5539
11.10.2017;3206;58,0713;-0,2438
12.10.2017;3207;57,921;-0,1503
13.10.2017;3208;57,6869;-0,2341
14.10.2017;3209;57,6196;-0,0673
17.10.2017;3212;57,0861;-0,5335
18.10.2017;3213;57,3392;0,2531
19.10.2017;3214;57,2721;-0,0671
20.10.2017;3215;57,5706;0,2985
21.10.2017;3216;57,5118;-0,0588
24.10.2017;3219;57,4706;-0,0412
25.10.2017;3220;57,5852;0,1146
26.10.2017;3221;57,614;0,0288
27.10.2017;3222;57,7643;0,1503
28.10.2017;3223;58,0833;0,319
31.10.2017;3226;57,8716;-0,2117
01.11.2017;3227;58,1179;0,2463
02.11.2017;3228;58,1557;0,0378
03.11.2017;3229;58,0869;-0,0688
04.11.2017;3230;58,4296;0,3427
08.11.2017;3234;58,4557;0,0261
09.11.2017;3235;59,248;0,7923
10.11.2017;3236;59,2527;0,0047
11.11.2017;3237;59,2808;0,0281
14.11.2017;3240;59,1823;-0,0985
15.11.2017;3241;59,6207;0,4384
16.11.2017;3242;60,249;0,6283
17.11.2017;3243;59,9898;-0,2592
18.11.2017;3244;59,6325;-0,3573
21.11.2017;3247;59,2746;-0,3579
22.11.2017;3248;59,4604;0,1858
23.11.2017;3249;59,0061;-0,4543
24.11.2017;3250;58,4622;-0,5439
25.11.2017;3251;58,5318;0,0696
28.11.2017;3254;58,2773;-0,2545
29.11.2017;3255;58,4125;0,1352
30.11.2017;3256;58,3311;-0,0814
01.12.2017;3257;58,5814;0,2503
02.12.2017;3258;58,5182;-0,0632
05.12.2017;3261;58,9911;0,4729
06.12.2017;3262;58,6924;-0,2987
07.12.2017;3263;58,9281;0,2357
08.12.2017;3264;59,2948;0,3667
09.12.2017;3265;59,2811;-0,0137
12.12.2017;3268;59,2348;-0,0463
13.12.2017;3269;58,837;-0,3978
14.12.2017;3270;59,1446;0,3076
15.12.2017;3271;58,7082;-0,4364
16.12.2017;3272;58,8987;0,1905
19.12.2017;3275;58,694;-0,2047
20.12.2017;3276;58,6117;-0,0823
21.12.2017;3277;58,717;0,1053
22.12.2017;3278;58,5596;-0,1574
23.12.2017;3279;58,3152;-0,2444
26.12.2017;3282;58,1989;-0,1163
27.12.2017;3283;57,7343;-0,4646
28.12.2017;3284;57,4544;-0,2799
29.12.2017;3285;57,6291;0,1747
30.12.2017;3286;57,6002;-0,0289
10.01.2018;3297;57,0463;-0,5539
11.01.2018;3298;56,8734;-0,1729
12.01.2018;3299;56,9957;0,1223
13.01.2018;3300;56,6019;-0,3938
16.01.2018;3303;56,3569;-0,245
17.01.2018;3304;56,3878;0,0309
18.01.2018;3305;56,5925;0,2047
19.01.2018;3306;56,7597;0,1672
20.01.2018;3307;56,5892;-0,1705
23.01.2018;3310;56,6261;0,0369
24.01.2018;3311;56,4115;-0,2146
25.01.2018;3312;56,3888;-0,0227
26.01.2018;3313;55,9288;-0,46
27.01.2018;3314;55,8288;-0,1
30.01.2018;3317;56,2908;0,462
31.01.2018;3318;56,2914;0,0006
01.02.2018;3319;56,184;-0,1074
02.02.2018;3320;56,2613;0,0773
03.02.2018;3321;56,0408;-0,2205
06.02.2018;3324;56,6278;0,587
07.02.2018;3325;57,2196;0,5918
08.02.2018;3326;56,9533;-0,2663
09.02.2018;3327;57,6736;0,7203
10.02.2018;3328;58,1718;0,4982
13.02.2018;3331;58,0171;-0,1547
14.02.2018;3332;57,7701;-0,247
15.02.2018;3333;57,5899;-0,1802
16.02.2018;3334;56,5918;-0,9981
17.02.2018;3335;56,3554;-0,2364
20.02.2018;3338;56,3438;-0,0116
21.02.2018;3339;56,5201;0,1763
22.02.2018;3340;56,6537;0,1336
23.02.2018;3341;56,7608;0,1071
27.02.2018;3345;55,9208;-0,84
28.02.2018;3346;55,6717;-0,2491
01.03.2018;3347;56,3742;0,7025
02.03.2018;3348;56,4334;0,0592
03.03.2018;3349;56,6616;0,2282
06.03.2018;3352;57,1;0,4384
07.03.2018;3353;56,5041;-0,5959
08.03.2018;3354;56,8011;0,297
13.03.2018;3359;56,6122;-0,1889
14.03.2018;3360;56,9359;0,3237
15.03.2018;3361;56,9372;0,0013
16.03.2018;3362;57,0188;0,0816
17.03.2018;3363;57,4942;0,4754
20.03.2018;3366;57,5521;0,0579
21.03.2018;3367;57,7033;0,1512
22.03.2018;3368;57,4954;-0,2079
23.03.2018;3369;56,8391;-0,6563
24.03.2018;3370;57,1072;0,2681
27.03.2018;3373;57,0039;-0,1033
28.03.2018;3374;57,1747;0,1708
29.03.2018;3375;57,5598;0,3851
30.03.2018;3376;57,7626;0,2028
31.03.2018;3377;57,2649;-0,4977
03.04.2018;3380;57,285;0,0201
04.04.2018;3381;57,5375;0,2525
05.04.2018;3382;57,7646;0,2271
06.04.2018;3383;57,5796;-0,185
07.04.2018;3384;57,8332;0,2536
10.04.2018;3387;58,5714;0,7382
11.04.2018;3388;62,3699;3,7985
12.04.2018;3389;64,0626;1,6927
13.04.2018;3390;62,0659;-1,9967
14.04.2018;3391;61,4311;-0,6348
17.04.2018;3394;62,2794;0,8483
18.04.2018;3395;61,1454;-1,134
19.04.2018;3396;61,5539;0,4085
20.04.2018;3397;60,8583;-0,6956
21.04.2018;3398;61,3222;0,4639
24.04.2018;3401;61,7655;0,4433
25.04.2018;3402;61,6644;-0,1011
26.04.2018;3403;61,7494;0,085
27.04.2018;3404;62,6027;0,8533
28.04.2018;3405;62,726;0,1233
29.04.2018;3406;61,9997;-0,7263
